Close,Volume,sentiment,ma7,price_change,volatility,target
27.20192146301269,377161000.0,-0.7519550878044263,27.064470563616073,0.01001628233689722,0.49417531011209825,27.72445678710937
27.72445678710937,292216000.0,0.7950374324214171,27.038493837629044,0.019209500505587007,0.44486837536090046,28.884429931640625
28.884429931640625,570329000.0,0.3658607638905067,27.29626601082938,0.04183934615702145,0.8294653925360624,28.18504905700684
28.18504905700684,402730000.0,-0.34857759778992126,27.45198495047433,-0.02421307522042071,0.8857926992859797,27.77740859985352
27.77740859985352,383387000.0,-0.3316413151822828,27.56045995439802,-0.014463003286913967,0.8701565565063697,27.537620544433597
27.537620544433597,321850000.0,0.3545852054965233,27.749006816319056,-0.008632484724337641,0.6444572571880535,28.654630661010746
28.654630661010746,361494000.0,0.5263244616662952,27.995073863438197,0.04056305862646292,0.6084167976238792,29.125215530395508
29.125215530395508,344979000.0,-0.05693099485818842,28.2698301587786,0.016422646480838132,0.6245956428059973,28.54572486877441
28.54572486877441,314869000.0,0.6813884303302493,28.387154170445033,-0.01989652783912732,0.5806676634927389,28.859451293945312
28.859451293945312,369350000.0,-0.2689634935505061,28.38358579363142,0.010990312090973786,0.5771686451346051,28.55272483825684
28.55272483825684,322149000.0,0.2019927545802973,28.43611090523856,-0.01062828438989838,0.5728031713629851,28.31493759155273
28.31493759155273,274222000.0,0.6858434658438934,28.512900761195592,-0.008328005402325256,0.5013545501481776,28.927391052246094
28.927391052246094,293926000.0,0.13956523022277678,28.711439405168807,0.02163004805195401,0.27472588090629735,29.18716049194336
29.18716049194336,449405000.0,0.17135959545610735,28.787515095302037,0.008980050749412216,0.32542705337829164,30.15130615234375
30.15130615234375,432535000.0,0.8306462686336269,28.934099469866073,0.03303321200657838,0.6097666512367934,31.649982452392575
31.649982452392575,748725000.0,0.6770474214660738,29.37756483895438,0.049705186650175204,1.1604199687112386,31.23634910583496
31.23634910583496,473908000.0,0.6119145748361647,29.71712166922433,-0.013068991339246216,1.320289895004304,31.14842414855957
31.14842414855957,372000000.0,0.17962271555537224,30.087935856410436,-0.0028148282303249728,1.3031549612739532,30.660852432250977
30.660852432250977,356253000.0,0.45205561563200436,30.423066547938756,-0.015653174426518812,1.0478390152604717,30.510990142822266
30.510990142822266,721419000.0,-0.611441278604252,30.649294989449636,-0.004887740474921576,0.8165200372408593,37.94640350341797
37.94640350341797,1543911000.0,0.9644642574681677,31.900615419660294,0.24369623292428244,2.7126114560723,38.91156005859375
38.91156005859375,714397000.0,-0.7815066582660737,33.1520802634103,0.02543473072721758,3.635007508042749,40.07552337646485
40.07552337646485,923401000.0,-0.612075272548795,34.35572896684919,0.029913046819977973,4.374472402434576,37.800540924072266
37.800540924072266,1002580000.0,0.017495967753371255,35.293470655168804,-0.056767379705104815,4.2972226531254805,39.734825134277344
39.734825134277344,635873000.0,0.947986679093124,36.520099367414204,0.05117080769003701,4.139416791981276,39.29220962524414
39.29220962524414,482731000.0,-0.9161030074513423,37.75315039498465,-0.011139233846819696,3.3045308553716044,39.136356353759766
39.136356353759766,396094000.0,0.6252828974213838,38.98534556797573,-0.003966518375292494,0.8520352145119617,38.619815826416016
38.619815826416016,388729000.0,-0.32650399203954605,39.08154732840402,-0.013198482829486213,0.7466828831685435,37.44572067260742
37.44572067260742,511998000.0,-0.21185797869428447,38.87214170183454,-0.03040136594865661,0.9734209545845481,38.47991943359375
38.47991943359375,417772000.0,0.6375616650198186,38.64419828142439,0.027618610148498757,0.8192774826491603,38.73971176147461
38.73971176147461,427717000.0,-0.57064859775722,38.77836554391043,0.006751374007661237,0.7301429847926618,39.4511604309082
39.4511604309082,388701000.0,0.6744858081963363,38.7378420148577,0.018364841582045655,0.6739183415628468,40.98995971679688
40.98995971679688,613208000.0,0.2708608771769103,38.98037774222238,0.039005171687753526,1.0861200999561835,42.963417053222656
42.963417053222656,740465000.0,0.41686130967709145,39.5271006992885,0.04814489572716241,1.86305627542521,42.61968994140625
42.61968994140625,568622000.0,0.8115649753048153,40.098511287144255,-0.008000460284399602,2.1323400320200325,42.658653259277344
42.658653259277344,655709000.0,-0.91516724272411,40.84321594238281,0.000914209322607995,1.954319053664479,43.77378845214844
43.77378845214844,451153000.0,0.8459031998600672,41.59948294503348,0.026140890714325904,1.9111813176038546,43.011375427246094
43.011375427246094,551603000.0,-0.4830491671466126,42.209720611572266,-0.017417113114067795,1.4789694195578627,42.99139404296875
42.99139404296875,417737000.0,0.1125403784141501,42.71546827043806,-0.0004645604582244056,0.8499997535089956,42.176029205322266
42.176029205322266,358140000.0,-0.2592174553600719,42.88490676879883,-0.018965768749707235,0.4911969036596535,40.60025787353516
40.60025787353516,594322000.0,0.576252007468899,42.54731260027204,-0.03736177543210384,0.9885439073451354,41.84328842163086
41.84328842163086,462175000.0,-0.6181105171436709,42.43639809744699,0.03061632150139504,1.0220577051988762,41.08488845825195
41.08488845825195,582639000.0,-0.3020151041742509,42.21157455444336,-0.018124769634187077,1.1321788202395635,40.79011154174805
40.79011154174805,380514000.0,0.5347803021991311,41.78533499581473,-0.007174825770877802,0.9999380806573978,42.26895904541016
42.26895904541016,501148000.0,-0.38928243007246377,41.67927551269531,0.03625504926968737,0.8804576248575318,42.37986373901367
42.37986373901367,198209000.0,-0.9862842115815804,41.59191404070173,0.002623785778219867,0.7491081823147431,42.28395080566406
42.28395080566406,323618000.0,-0.7791162731214452,41.60733141217913,-0.002263172291923077,0.7640941154925813,42.07011795043945
42.07011795043945,303582000.0,0.4437188364644091,41.81731142316546,-0.005057068962344147,0.6317135343180627,42.46979904174805
42.46979904174805,355881000.0,0.7778704062599007,41.906812940325054,0.00950035585304132,0.6786461490326323,42.14705276489258
42.14705276489258,353908000.0,0.4910595447704287,42.058550698416575,-0.007599430280755715,0.5750867270889884,42.37186813354492
42.37186813354492,298244000.0,0.6396700665376467,42.28451592581613,0.005334070923213252,0.1391380579813086,43.867706298828125
43.867706298828125,481277000.0,-0.8934419967425125,42.51290839059012,0.03530262485875579,0.6133601864570779,45.94108963012695
45.94108963012695,478204000.0,0.15743756759685446,43.02165494646345,0.04726445730202711,1.4247940573402371,45.43349075317383
45.43349075317383,772075000.0,0.7833053990552834,43.47158922467913,-0.011048908091641274,1.6348234976685718,46.424713134765625
46.424713134765625,510488000.0,-0.7954987925679915,44.09367425101144,0.021816998103377117,1.8295617802756887,47.45690155029297
47.45690155029297,569164000.0,-0.5801210538264794,44.806117466517854,0.022233598138367006,2.0495966136127737,47.04022979736328
47.04022979736328,427502000.0,0.48628299356158977,45.50514275687082,-0.008780003314968088,1.812238762540799,45.48444366455078
45.48444366455078,537865000.0,0.24866271012394514,45.94979640415737,-0.03307352322712731,1.1905360501094073,44.27438354492188
44.27438354492188,963769000.0,-0.22438009772190792,46.00789315359933,-0.02660382368427172,1.0764555212805502,44.57715225219727
44.57715225219727,382516000.0,-0.1169277519213221,45.81304495675223,0.006838462402716239,1.206187866328375,45.6433219909668
45.6433219909668,348081000.0,0.42743350700476923,45.84302084786551,0.023917403533039172,1.1977610798618885,45.41649627685547
45.41649627685547,364237000.0,-0.10905183972671173,45.69898986816406,-0.004969526848992656,1.1765863375199326,45.86415100097656
45.86415100097656,455976000.0,-0.8670749625308194,45.47145407540457,0.009856654758046979,0.9019191959881274,46.71348571777344
46.71348571777344,331194000.0,-0.8524592226926808,45.42477634974888,0.018518487713395038,0.8110777892083818,46.69249725341797
46.69249725341797,251055000.0,0.8176834818275422,45.59735543387277,-0.0004493020384365165,0.9435883989755602,46.47067260742188
46.47067260742188,237858000.0,0.8308202951837769,45.91111101422991,-0.004750755668349926,0.7816099535907067,44.23442459106445
44.23442459106445,530142000.0,-0.6076309473003987,45.86214991978237,-0.04812170538715799,0.8832266393504374,44.4802360534668
44.4802360534668,324176000.0,-0.2772759298015146,45.69599478585379,0.005557017293088107,1.0286790356665638,44.64510345458984
44.64510345458984,362666000.0,-0.34651248500510934,45.58579581124442,0.0037065316138353843,1.1022953193282694,45.38152694702149
45.38152694702149,322154000.0,-0.27409276221610046,45.516849517822266,0.016495056242409545,1.0970641764638311,44.62911224365234
44.62911224365234,353843000.0,0.3470551487865101,45.21908187866211,-0.016579757315074994,0.9963917526155317,42.5207633972168
42.5207633972168,586449000.0,0.18056316832903319,44.6231198992048,-0.04724155916266104,1.1958646900961847,42.35489654541016
42.35489654541016,492705000.0,0.29990660717725004,44.03515189034598,-0.0039008436950473957,1.1468795097337146,40.82308197021485
40.82308197021485,533085000.0,-0.7074335951278619,43.54781723022461,-0.036166174400945605,1.6586748588834639,43.71882629394531
43.71882629394531,690286000.0,0.2860857793208087,43.43904440743582,0.07093399576845383,1.6116364495985984,43.90568161010742
43.90568161010742,676512000.0,0.31957903139847654,43.33341271536691,0.004274024076167615,1.542146650352379,43.452030181884766
43.452030181884766,527451000.0,-0.5498179232550429,43.05777032034738,-0.010332408280349314,1.2620581626250216,43.310150146484375
43.310150146484375,452395000.0,0.40785499001513803,42.8693471636091,-0.0032652107348378756,1.0725982449041929,43.26517868041992
43.26517868041992,583768000.0,-0.08315356644045768,42.97569220406668,-0.001038358581356813,1.0691748410127926,46.9303092956543
46.9303092956543,692573000.0,0.7561763712558192,43.62932259695871,0.08471317412802137,1.785207238278576,45.63232421875
45.63232421875,755293000.0,0.31067345610141595,44.3163572038923,-0.02765771409532325,1.41154185706349,47.07920455932617
47.07920455932617,779046000.0,-0.011894166475374002,44.79641124180385,0.03170735581295814,1.7135645912995274,47.126163482666016
47.126163482666016,1156044000.0,-0.004301503491428216,45.25648008074079,0.0009974451305920784,1.860578965556504,45.982051849365234
45.982051849365234,925341000.0,0.04501372534658876,45.61791174752371,-0.02427763154795337,1.6895023689485602,46.79841613769531
46.79841613769531,685192000.0,-0.4127131446421888,46.11623546055385,0.017753976943100325,1.3817893517285575,48.74589157104492
48.74589157104492,701397000.0,-0.3559666356836588,46.89919444492885,0.04161413129067304,0.9959454446825234,49.22551727294922
49.22551727294922,735206000.0,0.8910448623460221,47.227081298828125,0.009839305148522381,1.3297672237536213,49.31645584106445
49.31645584106445,528570000.0,0.12818609218358046,47.753385816301616,0.0018473867447850179,1.3224312164665628,48.47110748291016
48.47110748291016,463830000.0,0.5246672289914869,47.95222909109934,-0.017141303926597073,1.3087385416020398,48.51007843017578
48.51007843017578,382653000.0,-0.5104484786206134,48.149931226457866,0.000804003648551932,1.2670167045098666,47.02811050415039
47.02811050415039,468670000.0,0.6160420445658545,48.29936817714146,-0.03054969140399344,1.002866632941947,46.20868682861328
46.20868682861328,433330000.0,-0.8528055367249783,48.21512113298689,-0.017424124991472723,1.162099925855094,45.54015350341797
45.54015350341797,473069000.0,-0.2580751653436213,47.75715855189732,-0.014467697982305405,1.5004712541738459,45.146427154541016
45.146427154541016,473966000.0,-0.96736756792534,47.174431392124724,-0.00864569656857661,1.6223094856771607,44.83863830566406
44.83863830566406,349256000.0,0.040002067473638325,46.53474317278181,-0.006817568261234919,1.5162773427624034,45.453216552734375
45.453216552734375,398355000.0,-0.30662972305840364,46.10361589704241,0.013706443154690495,1.2854104321301896,45.54914855957031
45.54914855957031,370097000.0,0.5237182963483882,45.680625915527344,0.0021105658545559347,0.7277371672850725,43.86932373046875
43.86932373046875,506831000.0,0.4614106392530084,45.229370662144255,-0.03687939033382026,0.7322670358743365,43.93527603149414
43.93527603149414,500271000.0,-0.16173033068849785,44.90459769112723,0.0015033808460462872,0.7296766922430334,43.48958969116211
43.48958969116211,373064000.0,-0.38020989581948683,44.61166000366211,-0.010144157055313574,0.8358825156168046,42.2094841003418
42.2094841003418,367108000.0,0.8187499486582686,44.19209671020508,-0.029434758982802123,1.1863415151774592,40.98833847045898
40.98833847045898,450736000.0,0.31399867800062986,43.64205387660435,-0.02893059832192857,1.6417804429092144,41.58092498779297
41.58092498779297,479236000.0,0.5359342941802121,43.08886936732701,0.014457441785816094,1.5810602183382367,42.19249725341797
42.19249725341797,419091000.0,-0.6614859582743591,42.609347752162385,0.014708000502743568,1.1647196294250597,41.881717681884766
41.881717681884766,402282000.0,0.4261160198993841,42.325404030936106,-0.007365754382031242,1.0421906964422445,42.43832778930664
42.43832778930664,444935000.0,0.09387745832574268,42.111554282052175,0.013290049650055868,0.7765211520884229,43.05888748168945
43.05888748168945,424663000.0,-0.8458371697911882,42.05002539498465,0.014622623574229943,0.656996774803377,43.46860504150391
43.46860504150391,397830000.0,-0.9619652121398667,42.22989981515067,0.009515284387890732,0.85150122902694,44.75070571899414
44.75070571899414,433298000.0,0.5419689895157922,42.76738085065569,0.029494865921417812,1.090956220152218,43.48659133911133
43.48659133911133,470850000.0,0.36584938589083915,43.039618900844026,-0.02824792055393821,0.9774033768207554,44.01022338867188
44.01022338867188,361821000.0,0.7036769643726666,43.29929406302316,0.01204123003059121,0.9560634413580232,44.65677261352539
44.65677261352539,393483000.0,0.5796391505632692,43.69573048182896,0.014690887141007636,0.8383949152031756,45.73002243041992
45.73002243041992,434436000.0,0.6860326532632648,44.165972573416575,0.024033304560156843,0.9333474729047346,45.24136352539063
45.24136352539063,409675000.0,-0.7020017731890034,44.47775486537388,-0.010685735082960113,0.8638282957550087,45.765995025634766
45.765995025634766,368582000.0,-0.48199301204734857,44.80595343453543,0.011596279584935587,0.8528750577875133,46.77328872680664
46.77328872680664,378137000.0,-0.17487823308949046,45.09489386422293,0.022009653687364628,1.1289615452532473,46.91219329833984
46.91219329833984,481325000.0,0.3732998326671,45.58426557268415,0.0029697413911711212,1.0556887610804162,45.42923355102539
45.42923355102539,474115000.0,0.35673654239579244,45.78698131016323,-0.031611392327864696,0.8109298161952427,46.06279373168945
46.06279373168945,375099000.0,-0.3649049161217983,45.98784146990095,0.013946090020481083,0.6405635758572317,43.90729904174805
43.90729904174805,812333000.0,0.8412304707724432,45.727452414376394,-0.046794701652203674,1.0205798257899517,42.16651153564453
42.16651153564453,627294000.0,-0.6749089531028376,45.28818784441267,-0.03964688204683997,1.700139361038136,42.07158660888672
42.07158660888672,501233000.0,-0.9606387115194617,44.76041521344866,-0.002251192315910977,2.062007890289781,41.35808563232422
41.35808563232422,477266000.0,0.13675120695804766,43.98681477137974,-0.016959212477425045,2.1926484186836532,42.94497299194336
42.94497299194336,478530000.0,-0.5608215863120789,43.4200690133231,0.03836945872511266,1.7853772717640135,43.63248825073242
43.63248825073242,401463000.0,0.8284436729275002,43.16339111328125,0.016009213905386455,1.5637895743705885,41.74980545043945
41.74980545043945,398379000.0,0.19045618905385586,42.547249930245535,-0.043148646244381084,0.9666873139741899,40.29782104492188
40.29782104492188,541001000.0,0.3122772955858848,42.03161021641323,-0.034778231655263614,1.0767166681671578,40.47169876098633
40.47169876098633,416784000.0,0.9224154012696226,41.78949410574777,0.004314816820259804,1.2220676881546026,41.13224029541016
41.13224029541016,388028000.0,0.22103394221657835,41.65530177525112,0.016321072617307086,1.2374065571802741,40.75150680541992
40.75150680541992,517969000.0,-0.5638083113653136,41.56864765712193,-0.009256327573111234,1.2821203326957407,42.2954330444336
42.2954330444336,437593000.0,0.3286934820000096,41.47585623604912,0.037886359549491155,1.1857957329880828,43.4755973815918
43.4755973815918,409172000.0,0.4807261257931199,41.45344325474331,0.02790287868475949,1.1387899815548908,44.97355270385742
44.97355270385742,424610000.0,0.25672518414061773,41.91397857666016,0.03445508313819934,1.7606696754413278,45.71902847290039
45.71902847290039,400733000.0,-0.38239193563661455,42.688436780657085,0.016575870133093362,2.0923546231231342,45.92289352416992
45.92289352416992,343165000.0,-0.547906108870214,43.46717888968332,0.004459085376024019,2.143610477855687,46.54145431518555
46.54145431518555,346719000.0,0.06204612677144139,44.239923749651226,0.013469551753964915,2.136573741110173,46.91719436645508
46.91719436645508,540496000.0,-0.9420581737713003,45.120736258370535,0.008073233997480278,1.6811501299901654,48.30122375488281
48.30122375488281,421245000.0,0.6106455981441457,45.97870635986328,0.029499406499406744,1.5241373602137556,48.58602523803711
48.58602523803711,384136000.0,0.6503853668838209,46.708767482212615,0.005896361644988524,1.3378839408815717,49.62129974365234
49.62129974365234,416954000.0,0.42310562681156694,47.37273134504046,0.021308071622305302,1.479050281122369,48.85383987426758
48.85383987426758,475497000.0,-0.19387588297190184,47.82056154523577,-0.015466339522534067,1.3650778044434686,49.44542694091797
49.44542694091797,339756000.0,0.9671046656526479,48.32378060477121,0.012109325862059706,1.1865258921080388,49.26355743408203
49.26355743408203,325205000.0,-0.044724557186059055,48.71265247889927,-0.0036781866006183606,0.9215029662461669,50.37377548217773
50.37377548217773,414120000.0,0.7960696795960833,49.206449781145366,0.022536294695754355,0.6980706350773164,49.90910339355469
49.90910339355469,565747000.0,0.3205289910910385,49.43614687238421,-0.009224484052966053,0.6094776908259518,48.68195343017578
48.68195343017578,899420000.0,-0.7779613742164453,49.44985089983259,-0.02458769803380967,0.587872532413034,47.74261093139648
47.74261093139648,294645000.0,-0.37793250935485334,49.18146678379604,-0.019295497254985805,0.8616484253827851,48.20829391479492
48.20829391479492,395662000.0,0.31671382584092567,49.0892459324428,0.009754032599256224,0.934061141550725,47.7875862121582
47.7875862121582,401491000.0,-0.6330402548442622,48.852411542619976,-0.008726873914689737,1.0335731482035164,48.10636520385742
48.10636520385742,382005000.0,-0.2526018843635478,48.687098366873606,0.006670748974094698,1.0492764005980004,46.7373275756836
46.7373275756836,526247000.0,-0.6050250100650609,48.16760580880301,-0.028458554754081544,0.9724114878969068,46.73232650756836
46.73232650756836,369317000.0,-0.19373400813973207,47.713780539376394,-0.00010700372431737826,0.7370002057246349,45.47819519042969
45.47819519042969,437543000.0,-0.9557816591397201,47.25610079084124,-0.02683648366908431,0.9876912186036667,46.53755187988281
46.53755187988281,371718000.0,-0.9245080522541846,47.083949497767854,0.02329372757685988,0.9937615078133994,45.47520065307617
45.47520065307617,380590000.0,-0.1853524643401856,46.693507603236604,-0.022827827934495892,1.0150681399648498,46.56753540039063
46.56753540039063,350823000.0,-0.14896138725420083,46.51921463012695,0.02402044920368196,0.8933452750469651,47.47697448730469
47.47697448730469,359224000.0,-0.7162959827822946,46.42930167061942,0.01952946573389891,0.7222720287408753,46.598514556884766
46.598514556884766,509728000.0,-0.3395654373184738,46.409471239362446,-0.01850286249084432,0.7142667127515623,47.62789535522461
47.62789535522461,372387000.0,0.8125252225271054,46.53740964617048,0.022090420867026506,0.8491962643209232,48.05862808227539
48.05862808227539,447792000.0,-0.8602996880901166,46.90604291643415,0.009043706925074835,0.8725195913271181,48.32046127319336
48.32046127319336,391232000.0,-0.6016027686925469,47.16074425833566,0.005448203608095392,0.9982006188179791,48.86013412475586
48.86013412475586,479948000.0,-0.07269149600370106,47.64430618286133,0.011168619614603914,0.8552261476119715,50.04640197753906
50.04640197753906,412587000.0,0.65437594551721,48.14128712245396,0.024278849700949845,1.1007701160212409,49.573692321777344
49.573692321777344,464444000.0,0.7444854621447881,48.44081824166434,-0.009445427385047056,1.172789426122907,48.08160781860352
48.08160781860352,397894000.0,-0.6439815993317972,48.652688707624165,-0.030098312901303936,0.8825470552908269,48.96006774902344
48.96006774902344,300425000.0,0.5036929119453,48.84299904959543,0.01827018625779031,0.7598344232962566,48.8001708984375
48.8001708984375,252507000.0,-0.3083442246749364,48.94893373761858,-0.003265862527102592,0.6797219326345648,49.24889373779297
49.24889373779297,244200000.0,0.9962680334006364,49.0815669468471,0.009195107949300896,0.6250318418633988,49.38680648803711
49.38680648803711,233648000.0,0.051951188831002915,49.15680585588728,0.0028003217895289367,0.625633179111452,49.49174880981445
49.49174880981445,246587000.0,-0.5372972381050947,49.07756968906948,0.0021249060070884784,0.5204738515100666,49.49174880981445
49.49174880981445,389293000.0,0.3955895135145655,49.06586347307478,0.0,0.5082331501650318,48.13856887817383
48.13856887817383,411254000.0,-0.915211367616241,49.074000767299104,-0.027341525894358454,0.48997587917380353,47.53993988037109
47.53993988037109,320896000.0,0.718277378549542,48.87112535749163,-0.012435537901380411,0.7629669304596354,47.96867752075195
47.96867752075195,306535000.0,-0.3236661040697404,48.752340589250835,0.00901847249827692,0.8369906447569895,49.06700897216797
49.06700897216797,415039000.0,-0.339186079254725,48.72635705130441,0.022896846612893595,0.8216898430100628,52.2210807800293
52.2210807800293,642510000.0,-0.28701768961925356,49.13125337873186,0.06428090633464945,1.5642015225303665,53.107540130615234
53.107540130615234,773100000.0,-0.681173126458082,49.647794995989116,0.016975124554008625,2.17920287794178,54.31679916381836
54.31679916381836,533796000.0,0.8096742784328774,50.33708790370396,0.022770006485501204,2.7971094489962183,54.78850555419922
54.78850555419922,596759000.0,0.8675313117627179,51.287078857421875,0.008684355441457514,3.044316593437818,54.67657852172852
54.67657852172852,352994000.0,0.3309348488884878,52.30659866333008,-0.0020428925983384527,2.762212100986357,56.34755325317383
56.34755325317383,449580000.0,-0.054184842008426326,53.50358091081892,0.03056106977837425,2.354473854790119,56.01876068115234
56.01876068115234,474394000.0,-0.05929536966295812,54.49668829781668,-0.005835081614710025,1.4719831029852197,57.07211685180664
57.07211685180664,491650000.0,-0.5697580582890842,55.189693450927734,0.01880363217333203,1.3597214910212871,59.45465087890625
59.45465087890625,543501000.0,-0.35977069936348305,56.09642355782645,0.04174602517874182,1.7885020829712825,59.61756134033203
59.61756134033203,452955000.0,-0.12738516321295523,56.8536752973284,0.002740079354895064,2.0170016991210895,59.83642578125
59.83642578125,294654000.0,-0.4921364759000155,57.57480675833566,0.0036711404491800437,2.0575647182434373,61.32450866699219
61.32450866699219,560271000.0,-0.741012156499282,58.5245110648019,0.024869180709127248,2.030944157398762,61.5793571472168
61.5793571472168,482777000.0,0.4666852356286799,59.27191162109375,0.004155736193639958,2.0587654535203272,60.99371337890625
60.99371337890625,390309000.0,0.936207851749197,59.98261914934431,-0.009510391070021385,1.5425609159140121,62.42684173583984
62.42684173583984,348733000.0,0.9854560675264155,60.747579847063335,0.023496329007395955,1.1316662803739272,62.73564910888672
62.73564910888672,410735000.0,-0.09373674806849164,61.21629387991769,0.004946708250172405,1.1851100920559523,61.48940658569336
61.48940658569336,453795000.0,0.2129634000655951,61.48370034354074,-0.01986498172722062,0.952629420881279,62.98849868774414
62.98849868774414,369146000.0,-0.5134529269018195,61.9339964730399,0.024379680749750055,0.7720702930676349,66.11958312988281
66.11958312988281,476578000.0,0.08532129045558978,62.6190071105957,0.04970882791889597,1.7048723552362859,69.2896499633789
69.2896499633789,680078000.0,-0.6987909580978522,63.72047751290457,0.04794444676502163,2.954191462391191,68.18132019042969
68.18132019042969,683111000.0,-0.4756355004517554,64.74727848597935,-0.0159956035791059,3.094272026982777,70.05616760253906
70.05616760253906,495575000.0,0.3454120062428021,65.8371821812221,0.02749796288591866,3.462459692858295,69.59844970703125
69.59844970703125,414422000.0,-0.18868655824948521,66.81758226667132,-0.006533584567523842,3.409083416821511,72.08894348144531
72.08894348144531,436637000.0,0.4719920617695701,68.33180182320731,0.03578375358786845,2.9743028698215057,72.20386505126953
72.20386505126953,613710000.0,0.7768655665563442,69.64828273228237,0.001594163602270049,2.136546930817655,72.08394622802734
72.08394622802734,602580000.0,-0.6065241268123667,70.50033460344586,-0.0016608366208240577,1.6221275005362183,73.85486602783203
73.85486602783203,504917000.0,-0.15868920758885552,71.15250832693917,0.02456746463633719,1.9406869740794332,72.61361694335938
72.61361694335938,420122000.0,0.671923340959931,71.7856935773577,-0.016806598552421614,1.477498454888029,72.56863403320312
72.56863403320312,495327000.0,0.9711905465377288,72.14461735316685,-0.0006194831224470843,1.2791899668096252,69.4095687866211
69.4095687866211,704833000.0,-0.6995758875536773,72.11763436453683,-0.0435321029349488,1.3422857516519409,67.4307861328125
67.4307861328125,673755000.0,0.8291454339736499,71.45218331473214,-0.02850878759802944,2.223972935880314,78.49002838134766
78.49002838134766,865100000.0,-0.7122731063435239,72.35020664760044,0.16400879898912546,3.488014003249267,78.76885223388672
78.76885223388672,829388000.0,0.7450036794807715,73.30519321986607,0.003552347454690352,4.237561625904796,79.04369354248047
79.04369354248047,503973000.0,-0.5792408230029529,74.04645429338727,0.0034892130683543687,4.770107285709081,78.6529312133789
78.6529312133789,391705000.0,-0.1545129432339054,74.90921347481864,-0.004943624362537591,5.007988185719241,77.61554718017578
77.61554718017578,393110000.0,0.8755710287239578,75.6302010672433,-0.013189388077461284,4.97806592719582,79.06367492675781
79.06367492675781,507289000.0,0.731979644371215,77.00935908726284,0.018657701957835338,4.2517600496149255,82.22872924804688
82.22872924804688,479135000.0,-0.7481075131638681,79.12335096086774,0.04003171272042527,1.4534335586747442,85.18492889404297
85.18492889404297,615616000.0,-0.22878600683390005,80.07976531982422,0.03595093433924501,2.664999850687662,85.91551208496094
85.91551208496094,520639000.0,-0.16225846721832582,81.10071672712054,0.008576437175016105,3.3579358734320377,88.64997100830078
88.64997100830078,582520000.0,0.6742997261787056,82.47304207938058,0.03182730169420123,4.2275161677804896,92.6167221069336
92.6167221069336,608119000.0,0.7367348354649885,84.46786934988839,0.04474621991992955,5.2864134705831045,87.47863006591797
87.47863006591797,1142269000.0,0.7523502513916132,85.8768811907087,-0.05547693682230814,4.394886511436221,85.72563171386719
85.72563171386719,678364000.0,-0.6480209516880588,86.8285893031529,-0.020039161001147776,3.244303293993046,91.86116790771484
91.86116790771484,668075000.0,0.8119866357857792,88.20465196881976,0.0715717816385033,3.001841624906405,90.83673858642578
90.83673858642578,635713000.0,-0.7129670436188587,89.01205335344586,-0.011151930076898409,2.808089278883794,87.8943862915039
87.8943862915039,602318000.0,-0.9884996495157277,89.2947496686663,-0.03239165497033336,2.5302629565764483,87.7874526977539
87.7874526977539,642086000.0,-0.3824990353107669,89.1715327671596,-0.0012166146014758183,2.587254387070022,88.40512084960938
88.40512084960938,668976000.0,0.10676260054920483,88.56987544468471,0.007035950273919678,2.0955281150239693,89.34758758544922
89.34758758544922,672171000.0,-0.1806887568254567,88.83686937604632,0.010660770855606128,2.051927868560879,90.3210220336914
90.3210220336914,479063000.0,0.49103777675063376,89.49335370744977,0.01089491585109914,1.5688932110273472,91.38343048095705
91.38343048095705,480372000.0,0.3031224010036502,89.42510550362724,0.011762582213356021,1.4549797734645606,94.2358169555664
94.2358169555664,586719000.0,0.5727231354761482,89.91068812779018,0.031213388024470712,2.316660677436759,94.94840240478516
94.94840240478516,552136000.0,-0.3749928970176719,90.91840471540179,0.007561726233611843,2.7810712312969437,92.50879669189452
92.50879669189452,513648000.0,-0.06184855376998777,91.59288242885044,-0.02569401539259275,2.447726426768031,90.19910430908205
90.19910430908205,586067000.0,-0.16440394250308987,91.84916578020368,-0.024967273009776858,2.131869814254819,90.3050308227539
90.3050308227539,435212000.0,-0.46319107121856473,91.98594338553292,0.0011743632543055327,1.9691248453181536,90.31202697753906
90.31202697753906,452441000.0,0.7544932837339615,91.98465837751117,7.747248100598014e-05,1.9703949440450361,89.40153503417969
89.40153503417969,433064000.0,-0.1689125038741064,91.70153045654297,-0.010081624494883923,2.200176458792802,88.913818359375
88.913818359375,370067000.0,-0.20770345913997734,90.94124494280133,-0.005455350119192293,2.095517077783065,85.85653686523438
85.85653686523438,434965000.0,-0.6126547730926479,89.6424070085798,-0.034384773374410704,2.013919743229399,87.9583740234375
87.9583740234375,399678000.0,0.004196185483766657,88.99234662737165,0.02448080524727314,1.6328382333090037,87.08384704589844
87.08384704589844,283220000.0,0.9090704513040129,88.54730987548828,-0.009942509593299564,1.6731540451774605,85.30584716796875
85.30584716796875,501700000.0,-0.4301294999700296,87.83314078194755,-0.020417103036256212,1.8548990021905165,86.98990631103516
86.98990631103516,431929000.0,0.7673158695099349,87.35855211530414,0.019741426865504952,1.5073944758346238,90.56488800048828
90.56488800048828,431637000.0,-0.47728666437019607,87.52474539620536,0.04109651155009475,1.8049421869848419,88.13626098632812
88.13626098632812,426805000.0,0.34044948534680497,87.41366577148438,-0.026816430382457512,1.7274718824968371,85.95249938964844
85.95249938964844,443077000.0,0.23500512521664407,87.42737470354352,-0.024777107313622482,1.7133785264745096,87.36569213867188
87.36569213867188,370453000.0,-0.03638018847683644,87.34270586286273,0.0164415550339847,1.6973341167307754,83.98759460449219
83.98759460449219,495400000.0,-0.5782206563933514,86.90038408551898,-0.0386661794977573,2.1254757274880958,84.62323760986328
84.62323760986328,447260000.0,0.27979567685805695,86.80286843436105,0.0075682963461973785,2.2241914404812975,76.15701293945312
76.15701293945312,875198000.0,0.06371938841067148,85.25531223842076,-0.10004609737861614,4.586518472244862,79.47315216064453
79.47315216064453,596341000.0,-0.3390900040996787,83.6707785470145,0.043543451787267706,4.356670392148573,82.37651062011719
82.37651062011719,438559000.0,0.36117732360006594,82.84795706612724,0.036532569560143946,3.891846416116954,79.63206481933594
79.63206481933594,512208000.0,-0.7250736946068896,81.94503784179688,-0.033315878277939914,3.7832029900741317,82.58540344238281
82.58540344238281,424641000.0,0.06692800200262528,81.26213945661273,0.03708730433836194,2.9899239914923634,87.6855239868164
87.6855239868164,551011000.0,-0.35417064074641513,81.79041508265904,0.0617557138652447,3.7752728367109354,87.70751190185547
87.70751190185547,388971000.0,-0.9901971427190985,82.23102569580078,0.0002507587802333955,4.303957428147982,86.35327911376953
86.35327911376953,363709000.0,0.19699435309551738,83.68763514927456,-0.015440328413389715,3.568184922288869,82.99415588378906
82.99415588378906,559863000.0,-0.4135850032294175,84.19063568115234,-0.03889977618052998,3.09137622326526,85.76859283447266
85.76859283447266,377898000.0,-0.7576407402874792,84.6752188546317,0.033429305005143295,3.0247532901908523,88.7389144897461
88.7389144897461,398341000.0,-0.4548896483711331,85.97619737897601,0.03463181051607034,2.3849248256711153,92.08802032470705
92.08802032470705,376203000.0,-0.27695479425272085,87.33371407645089,0.037741117909977806,2.8013131937444276,90.50292205810548
90.50292205810548,437342000.0,0.10331373532181165,87.73619951520648,-0.01721286070666328,3.051510035369359,90.36101531982422
90.36101531982422,325721000.0,-0.9964659288510909,88.11527143205915,-0.0015679796304273186,3.208147112632311,88.69694519042969
88.69694519042969,378013000.0,0.6419140800349794,88.45008087158203,-0.018415797161029146,3.1145436606255297,89.82730865478516
89.82730865478516,335325000.0,0.2935846267149491,89.4262455531529,0.01274410817563787,1.9858520328914337,90.3480224609375
90.3480224609375,289680000.0,0.9443224180130192,90.08044978550502,0.005796831876077935,1.1645468927940814,91.30448150634766
91.30448150634766,296507000.0,0.7214379926778958,90.44695935930524,0.010586386058684116,1.0720112424122448,94.57662963867188
94.57662963867188,417735000.0,-0.004862659029787331,90.80247497558594,0.03583776040715736,1.8426251505814542,94.30577850341795
94.30577850341795,323952000.0,0.3085913508611662,91.34574018205915,-0.0028638273143026804,2.254220069822027,92.42683410644533
92.42683410644533,359691000.0,-0.7581646900077375,91.64085715157645,-0.019923958285382626,2.238990530659301,94.72654724121094
94.72654724121094,318764000.0,0.3748902890078316,92.50222887311664,0.024881444409500242,2.0712157691355215,95.33219909667967
95.33219909667967,328946000.0,-0.4197629745074276,93.28864179338727,0.006393686596920967,1.9263101557783364,94.89644622802734
94.89644622802734,548648000.0,-0.5796486367803244,93.93841661725726,-0.004570888669109818,1.485842448301779,103.74046325683594
103.74046325683594,835065000.0,-0.9580282526004698,95.71498543875558,0.09319650398242785,3.658221184319098,106.40895080566406
106.40895080566406,429494000.0,0.9197340280391462,97.40531703404018,0.025722726360124293,5.375251752667621,113.83676147460938
113.83676147460938,652728000.0,0.6647021670505475,100.1954574584961,0.06980437841653764,7.950377670387287,114.7602310180664
114.7602310180664,557442000.0,0.07395777690660266,103.38594273158482,0.008112226063836214,8.753835128309133,110.43767547607422
110.43767547607422,484553000.0,0.8556323402715857,105.63038962227958,-0.037665971074175464,8.15737690934474,109.57115936279295
109.57115936279295,613263000.0,0.10571109712256432,107.6645268031529,-0.007846200216963028,6.82849089963729,114.93512725830078
114.93512725830078,438392000.0,-0.27987821363706833,110.52719552176339,0.04895419494237152,4.3251853882520885,116.37133026123048
116.37133026123048,403324000.0,0.14963183734750407,112.33160509381976,0.012495770763815583,3.5950496182861005,122.37095642089844
122.37095642089844,528402000.0,-0.5664342689226354,114.6118916102818,0.05155587846422294,4.220171513478065,120.92976379394533
120.92976379394533,664696000.0,0.9162612777182557,115.62517765590123,-0.01177724411988812,4.812943097336296,120.81982421875
120.81982421875,412386000.0,-0.13453072944234568,116.49083382742745,-0.0009091192419977689,5.163610228071814,121.7213134765625
121.7213134765625,313434100.0,0.9841461415148418,118.10278211321149,0.007461434939520339,4.699393115531878,120.85173797607422
120.85173797607422,222551200.0,0.6936898806324947,119.71429334368024,-0.007143987159288434,2.860511795258257,125.13966369628906
125.13966369628906,299595000.0,0.021394030146693055,121.17208426339286,0.03548087757797691,2.6081059799855706,129.5475311279297
129.5475311279297,260704500.0,-0.5099458137781248,123.05439867292132,0.03522358380583812,3.243260171858741,131.8164520263672
131.8164520263672,309320400.0,0.2136010903139438,124.40375518798828,0.01751419636239082,4.594808009730425,130.9168701171875
130.9168701171875,288504400.0,-0.9801593870181762,125.83048466273716,-0.006824504038386192,4.87812660068647,135.5146484375
135.5146484375,294335100.0,-0.2645630295524073,127.92974526541573,0.03511983074600611,5.486418977495423,130.71697998046875
130.71697998046875,517768400.0,-0.1769933289270611,129.21484048025948,-0.03540331995359125,4.8004951703128915,126.50900268554688
126.50900268554688,649445800.0,-0.2637305950964779,130.0230211530413,-0.03219151249937546,3.441814103975862,118.0530776977539
118.0530776977539,476060900.0,0.5447116499825211,129.01065172467912,-0.06684049995091002,5.5277275200264455,126.02923583984376
126.02923583984376,414192600.0,0.10804357598090375,128.50803811209545,0.06756416941971533,5.629785183790751,126.3390884399414
126.3390884399414,362975900.0,0.8664034365322029,127.72555759974888,0.002458577154997643,5.471740994731543,123.93024444580078
123.93024444580078,252571700.0,0.7808727730359843,126.72746821812221,-0.01906649813518113,5.429646190700245,123.48046875
123.48046875,315516700.0,0.2534194569792705,125.00829969133649,-0.003629264977343616,3.862771736090589,124.24010467529295
124.24010467529295,284885500.0,-0.061356807381199197,124.0830317905971,0.006151871085223304,2.9307075662434046,122.6108856201172
122.6108856201172,218374000.0,0.6364109994791951,123.52615792410714,-0.013113471366060003,2.7581818007181518,128.21817016601562
128.21817016601562,215749000.0,0.3985991103409441,124.97831399100167,0.045732354982504164,1.9555251677689716,125.76936340332033
125.76936340332033,214176700.0,-0.4551295674142233,124.94118935721261,-0.019098749884861155,1.9346036140936549,128.13819885253906
128.13819885253906,237677300.0,-0.28481592887183993,125.19820513044085,0.018834757409261105,2.245755068860734,131.3166961669922
131.3166961669922,285366600.0,-0.7314969318401909,126.25341251918248,0.024805228596282314,3.1170088442197175,134.84500122070312
134.84500122070312,248978600.0,-0.9527383168238437,127.87691715785435,0.026868670600911804,4.202583984808018,127.33860778808594
127.33860778808594,374782700.0,-0.886623082816713,128.31956045968192,-0.055666827577325995,3.9085827182387,129.17774963378906
129.17774963378906,252680500.0,0.23036702453844482,129.25768389020647,0.014442924087593179,2.9902370148609383,128.37808227539062
128.37808227539062,208326200.0,0.16796211605849565,129.28052847726005,-0.006190441934972868,2.9815700987390494,126.29910278320312
126.29910278320312,214769500.0,0.19325683358172174,129.356205531529,-0.01619419339609518,2.882680795113511,117.9331283569336
117.9331283569336,390086200.0,-0.2701296385213865,127.8983383178711,-0.06623938129338913,5.227883663223337,121.03164672851562
121.03164672851562,320979500.0,-0.6345461515423567,126.42904554094586,0.02627351970350622,5.542850345649325,117.8731689453125
117.8731689453125,217223800.0,-0.31868611472834174,124.00449807303292,-0.02609629686595827,4.925526047583053,123.48046875
123.48046875,258068900.0,0.3285214925458735,123.45333535330636,0.04757062064980211,4.701005172772224,122.53091430664062
122.53091430664062,173911000.0,-0.1294062527497244,122.50378744942802,-0.007689916089336002,3.965836418441179,114.19493865966795
114.19493865966795,327776900.0,0.163853009921745,120.47762407575333,-0.06803161221919407,4.085735620791484,112.22588348388672
112.22588348388672,460067000.0,-0.7504027614633624,118.46716417585101,-0.017242928617436815,4.204509063065233,113.0055160522461
113.0055160522461,293399100.0,0.9194811380354266,117.76321956089565,0.006946994259762862,4.6929560441173175,111.53620910644533
111.53620910644533,248152100.0,-0.5301446205948028,116.40672847202846,-0.013002081642824015,4.9557304393107655,103.68000793457033
103.68000793457033,486833300.0,-0.552246266568821,114.37913404192246,-0.0704363294647874,6.811712693204269,116.96359252929688
116.96359252929688,473174200.0,-0.833163564330577,113.44815172467914,0.12812098358547064,5.718021431811399,109.15736389160156
109.15736389160156,523462300.0,0.9981201766916687,111.5376445225307,-0.06674067091210467,4.213838991741085,107.21829223632812
107.21829223632812,482027500.0,-0.8437361464953856,110.54098074776788,-0.01776400222708774,4.3046652129113046,100.4015884399414
100.4015884399414,552842400.0,0.9358527808118775,108.85179574148997,-0.06357780612063368,5.644699767854239,104.19976043701172
104.19976043701172,409012100.0,-0.9924153157009192,107.59383065359934,0.03782979986758184,5.545065670379741,98.8623275756836
98.8623275756836,411440400.0,-0.5816530667591138,105.7832761492048,-0.051223081885630406,6.086002582065487,104.91940307617188
104.91940307617188,391910000.0,0.049814182225403236,105.96033259800502,0.06126778166183988,6.032407772117673,104.69952392578124
104.69952392578124,290844200.0,0.8362663762643114,104.20832279750279,-0.0020956957811798516,3.5909794898612195,108.96746826171876
108.96746826171876,325559900.0,-0.3110259462667697,104.18119485037667,0.040763741571193446,3.5478187782426223,116.0840301513672
116.0840301513672,312646700.0,0.8668027319888638,105.4477288382394,0.06530905051914981,5.7263554112160495,118.0230941772461
118.0230941772461,339246400.0,-0.6096987350316434,107.96508680071149,0.016703968869365315,6.8927923766422685,122.8008041381836
122.8008041381836,318086700.0,-0.6086891967903885,110.62237875802177,0.04048114476445064,8.578616272963119,124.51996612548828
124.51996612548828,302589900.0,0.8808316360993627,114.28775569370815,0.013999598775999544,8.188967753559346,129.93734741210938
129.93734741210938,318333600.0,0.5240711175189592,117.86174774169922,0.04350612560528311,8.851411500296079,127.18868255615234
127.18868255615234,300087400.0,0.053638368418020166,121.07448468889508,-0.021153770726436094,7.206255843536715,128.4380645751953
128.4380645751953,257883600.0,0.3961405231306159,123.85599844796317,0.009823059677431356,5.245084526262936,123.68036651611328
123.68036651611328,376189100.0,0.1341140493855555,124.94118935721261,-0.03704274176676492,4.009350536172233,129.30764770507812
129.30764770507812,323230300.0,0.790389489185312,126.55326843261719,0.04549858112064786,2.871227243372203,126.3990478515625
126.3990478515625,331964700.0,0.3004599299823527,127.06730324881417,-0.022493641367210437,2.364911853864047,128.23817443847656
128.23817443847656,303134600.0,-0.39631509039381463,127.59847586495536,0.014550161715409793,2.1001528097267883,125.54946899414062
125.54946899414062,448101100.0,-0.5733038454649779,126.97163609095982,-0.020966498128261124,1.9339710128790817,117.5333251953125
117.5333251953125,453023300.0,0.4003050510381956,125.59229932512555,-0.06384848827359224,4.044710069372617,119.3124771118164
119.3124771118164,333751600.0,-0.8444528412955115,124.28864397321429,0.015137425181729336,4.427174484702451,107.9479522705078
107.9479522705078,477155100.0,-0.4115313662309772,122.04115622384208,-0.09525009551732033,7.625494946570535,106.15880584716795
106.15880584716795,372470300.0,0.8161511202258489,118.7341788155692,-0.016574158061436917,8.867388727521078,107.15833282470705
107.15833282470705,306850700.0,0.651227576895965,115.98550524030414,0.00941539394271329,9.07512208523492,102.78044891357422
102.78044891357422,413638100.0,0.7707315742569445,112.34868730817523,-0.0408543488474602,8.424246183720667,106.41869354248048
106.41869354248048,273912000.0,-0.6092607963165833,109.61571938650948,0.03539821695043943,6.250705772127813,108.04788970947266
108.04788970947266,268283700.0,-0.9259025140649186,108.26065717424665,0.015309304340800134,5.185624180642063,116.85365295410156
116.85365295410156,441422400.0,0.22945668037910982,107.90939658028739,0.08149870643754831,4.323913223058046,119.0927734375
119.0927734375,366052700.0,0.3151515187182574,109.5015138898577,0.019161749990630916,6.048414696711521,119.05278778076172
119.05278778076172,238358300.0,-0.5103277429589159,111.34351130894252,-0.00033575216685388654,6.7799013819938585,116.73371124267578
116.73371124267578,248772300.0,0.126936623410689,112.71142251150948,-0.01947939717595326,6.760703186692537,115.54417419433594
115.54417419433594,231925900.0,0.536356534674882,114.53481183733258,-0.010190175877017538,5.169939563320495,113.32505798339844
113.32505798339844,310318900.0,0.9213524411456979,115.5214353288923,-0.01920578191337563,3.85460325115122,117.82328033447266
117.82328033447266,293506400.0,0.2233241642754411,116.9179197038923,0.03969309551761424,2.0388404948053815,115.95401763916016
115.95401763916016,382462400.0,-0.49948942485254033,116.78940037318638,-0.01586496904521839,2.071657139677475,116.2139129638672
116.2139129638672,206228500.0,0.35780920103386826,116.37813459123883,0.0022413654136230754,1.807035385529407,120.82209014892578
120.82209014892578,354966800.0,-0.11014719593852451,116.63089207240513,0.03965254303494059,2.3000010221666467,123.46104431152344
123.46104431152344,284692900.0,0.13044562755494282,117.59193965366909,0.021841652957210744,3.462059812341761,123.9908218383789
123.9908218383789,302582900.0,0.45700353059343723,118.79860360281808,0.00429105010256281,4.051239182841062,121.35187530517578
121.35187530517578,271009200.0,0.23068209445169074,119.94529179164341,-0.02128340222345626,3.312362490755237,121.3918685913086
121.3918685913086,226553700.0,0.4860692006505165,120.45509011404855,0.00032956463204403263,3.2041864055027007,116.95362091064452
116.95362091064452,302094500.0,-0.873926721778868,120.59789058140346,-0.03656132599462969,2.984927482957824,118.80288696289062
118.80288696289062,221845900.0,0.7206242736298767,120.96774400983539,0.015811960654548596,2.466576230353095,122.80130767822266
122.80130767822266,277118000.0,0.9943909752171651,121.25048937116351,0.033655922154324225,2.5588120910630088,124.8704833984375
124.8704833984375,243678100.0,-0.20748133103012356,121.45183781215123,0.016849785717565124,2.8053262185395984,127.66937255859376
127.66937255859376,346250200.0,-0.4071160038490389,121.9773450578962,0.02241433751181665,3.5939144057471695,132.83731079101562
132.83731079101562,285722500.0,0.2271399432742729,123.61812155587333,0.0404790759823781,5.41910102067654,132.597412109375
132.597412109375,246191600.0,-0.5530493939351362,125.21891348702567,-0.0018059585835642489,6.24411253592615,134.75656127929688
134.75656127929688,242311300.0,-0.9995778066973808,127.76219068254743,0.016283494040900903,5.934468523679688,134.74656677246094
134.74656677246094,170209500.0,-0.05630021165145083,130.03985922677177,-7.416712582342111e-05,4.8905600939314375,138.01527404785156
138.01527404785156,232347700.0,-0.6588728208939068,132.2132829938616,0.02425818596855467,4.502771093855596,131.54783630371094
131.54783630371094,377831000.0,0.6850037489296863,133.1671905517578,-0.04686030433050681,3.209522839347551,135.66619873046875
135.66619873046875,264879700.0,0.09680602253405701,134.3095942905971,0.03130695678832418,2.1866891339599213,136.87570190429688
136.87570190429688,306435900.0,0.16331368091481457,134.88650730678015,0.008915287559807528,2.264845299931437,137.94529724121094
137.94529724121094,176090200.0,-0.902390631947247,135.6504908970424,0.007814355082992996,2.2659688123990764,143.6530303955078
143.6530303955078,264554500.0,0.6275194861827786,136.9214150565011,0.04137678680206358,3.713544548494931,143.53309631347656
143.53309631347656,226311600.0,-0.9780077022137326,138.17663356236048,-0.0008348872397682117,4.295304183738035,139.50466918945312
139.50466918945312,285930000.0,-0.19462992146185232,138.389404296875,-0.028066189802143926,4.32278016675744,140.35433959960938
140.35433959960938,172354900.0,-0.0652160205860215,139.64747619628906,0.00609062345434741,3.111625353167473,141.48388671875
141.48388671875,205122100.0,0.5628693664213626,140.47857448032923,0.008047824686881144,2.6070429249075544,140.4643096923828
140.4643096923828,173586700.0,-0.8462190407731798,140.9912327357701,-0.007206311969602308,2.080056896289585,141.19400024414062
141.19400024414062,157593600.0,0.1649404412832689,141.45533316476005,0.0051948466721249975,1.5924555105730351,139.28475952148438
139.28475952148438,179418100.0,0.8856932762701268,140.831294468471,-0.013522109433509621,1.4359105172044102,132.70738220214844
132.70738220214844,270039600.0,0.654496378997663,139.2847638811384,-0.04722251983585746,3.0090683325256142,135.34632873535156
135.34632873535156,207127800.0,-0.8760137827848085,138.69071524483817,0.019885453916823614,3.3496171412009415,135.99606323242188
135.99606323242188,187528200.0,-0.7789063534015295,138.06810433523995,0.004800532848886929,3.3936117195091393,139.8545379638672
139.8545379638672,160537400.0,-0.23877512926564237,137.83534022739954,0.028371959009218184,3.168704386271041,145.5522918701172
145.5522918701172,242043900.0,0.9979947603476402,138.56219482421875,0.04074057223457461,4.26586770968597,148.82098388671875
148.82098388671875,207323300.0,0.8062754902630238,139.65176391601562,0.022457166250039906,5.761828290846517,147.5714569091797
147.5714569091797,175665800.0,-0.40877860246941267,140.83557782854353,-0.008396174685219027,6.480341152839376,145.20240783691406
145.20240783691406,182325600.0,0.49087261724468667,142.6205814906529,-0.016053572431175556,5.517652012827456,148.23118591308594
148.23118591308594,198634700.0,-0.8009934757386448,144.4612753731864,0.02085900723887235,4.787378431191022,146.21202087402344
146.21202087402344,191903300.0,-0.881966966678793,145.92069789341517,-0.013621728967657454,3.000273544009419,146.70181274414062
146.70181274414062,194463300.0,-0.5438841835662152,146.8988800048828,0.003349874156648225,1.3616050853129917,141.92369079589844
141.92369079589844,250132900.0,-0.8902027537980366,146.38050842285156,-0.03257029929531685,2.315961097514396,140.0944366455078
140.0944366455078,221205300.0,0.5305892298652826,145.13385881696428,-0.012888997884231257,3.023846503279292,146.95172119140625
146.95172119140625,227834900.0,0.01817478260120553,145.04532514299666,0.04894758642878849,2.948721692689406,145.83216857910156
145.83216857910156,309871700.0,-0.25397811025674,145.13529096330916,-0.0076185062905554934,2.9638811380818484,146.6118621826172
146.6118621826172,400946600.0,0.39010194263013087,144.9039590018136,0.005346513126098795,2.7364406350474573,141.89373779296875
141.89373779296875,236406200.0,-0.6742654970011825,144.2870614188058,-0.032181054925635055,2.875619109108999,135.96607971191406
135.96607971191406,344941900.0,-0.948576551409015,142.75338527134485,-0.04177533253584087,4.011601643778981,136.86572265625
136.86572265625,190287700.0,-0.11765739972991951,142.03081839425224,0.006616671939369878,4.598534991235797,135.28634643554688
135.28634643554688,226370900.0,0.08965779538680985,141.3439483642578,-0.011539603854427871,5.2490465650420735,138.19520568847656
138.19520568847656,141863200.0,0.5257539285275041,140.093017578125,0.02150149907637222,4.705114390876452,138.57504272460938
138.57504272460938,171682800.0,-0.1669846040116887,139.05628531319755,0.0027485543672842727,3.9722224154600396,140.20440673828125
140.20440673828125,164414000.0,-0.28934158012091027,138.14093453543526,0.011757990339645197,2.346546297571362,145.08245849609375
145.08245849609375,231224300.0,0.053629164782782235,138.59646606445312,0.03479242822173445,3.308734323700736,145.0124969482422
145.0124969482422,172621200.0,0.21897673139348872,139.88881138392858,-0.00048221920538693563,3.834965491234015,142.3933563232422
142.3933563232422,188505600.0,-0.9604057573731655,140.67847333635603,-0.01806148214891312,3.6744722935767506,138.76454162597656
138.76454162597656,189308600.0,-0.1165431150807732,141.17535836356026,-0.02548443825586899,2.996395578672479,135.0257568359375
135.0257568359375,210020900.0,-0.179346592435498,140.7225799560547,-0.026943372897930362,3.6826518923400804,139.26437377929688
139.26437377929688,184905200.0,0.5504809058678304,140.82105582101005,0.03139117337819841,3.6244106735342942,137.29501342773438
137.29501342773438,159211400.0,-0.6564400060677456,140.40542820521765,-0.014141164018613206,3.865695518391166,134.20602416992188
134.20602416992188,231514900.0,-0.6959031752937515,138.85165187290735,-0.022498918064773,3.8583256917258577,131.95675659179688
131.95675659179688,237951100.0,0.9747951514291229,136.9865461077009,-0.01675981083589173,3.524989246979955,130.3472900390625
130.3472900390625,259410300.0,-0.40387942457474835,135.26567949567522,-0.01219692416139928,3.3830397157812735,128.86778259277344
128.86778259277344,277444500.0,-0.8248856544866643,133.8518567766462,-0.01135050407143623,3.7275669481741964,130.63719177246094
130.63719177246094,209719200.0,-0.09726381307014553,133.22491891043526,0.01373042310566408,3.863789250680151,134.65586853027344
134.65586853027344,306528600.0,-0.6459070463803154,132.56656101771765,0.030762118377529735,2.9470821767527315,139.62423706054688
139.62423706054688,176053500.0,-0.5043469026080087,132.89930725097656,0.036896784258284576,3.6237468795134076,140.174072265625
140.174072265625,105157000.0,-0.001236087075980885,133.75188555036272,0.00393796389977541,4.562815601809656,139.88417053222656
139.88417053222656,116205600.0,-0.6918242561061907,134.8843732561384,-0.0020681551781494,5.005337977124802,136.96510314941406
136.96510314941406,170582600.0,-0.8800620024556021,135.82977512904577,-0.020867746305433532,4.6153416170512225,137.4449462890625
137.4449462890625,167734700.0,0.26629971853061973,137.05508422851562,0.00350339705965097,3.450556248124943,134.2460174560547
134.2460174560547,155659200.0,0.5910200199231017,137.5706307547433,-0.023274255761140172,2.4589640616381447,138.2646942138672
138.2646942138672,198247200.0,-0.2722589388375305,138.086177280971,0.02993516555623721,2.097792222541162,144.4226837158203
144.4226837158203,229322500.0,-0.031753853910445384,138.77166966029577,0.044537685755323686,3.185926881151899,149.3810577392578
149.3810577392578,265377400.0,-0.0990113310211862,140.08695329938615,0.034332376991373925,5.154017292948208,140.09410095214844
140.09410095214844,351782200.0,0.6531972465475082,140.116943359375,-0.06216957442703086,5.153251399981234,140.06410217285156
140.06410217285156,227349900.0,0.0611830897696668,140.55965750558036,-0.00021413306551087974,4.967103863144097,135.86549377441406
135.86549377441406,207602500.0,-0.7743411463320944,140.33402143205916,-0.029976334644661762,5.164140626030986,133.1863555908203
133.1863555908203,204808900.0,-0.2623425420966161,140.1826411655971,-0.019719047928696942,5.383230336009374,131.71682739257812
131.71682739257812,195590500.0,0.6200495649002333,139.24723161969865,-0.011033624215658566,6.268194294785258,136.1953887939453
136.1953887939453,185217300.0,-0.2568119336814181,138.0719037737165,0.03400143694638924,5.89632978665732,133.52626037597656
133.52626037597656,209235600.0,0.9414326697539062,135.8069327218192,-0.019597788453814435,3.3029149534842697,137.66490173339844
137.66490173339844,201188800.0,0.1723087316486025,135.45990426199776,0.0309949619330947,2.877635582935574,140.78387451171875
140.78387451171875,197749000.0,0.5865614187652555,135.56272888183594,0.022656267058981383,3.075622695475704,147.02183532714844
147.02183532714844,237651400.0,0.12729630000879721,137.15649196079798,0.04430877355140872,5.325968119683951,147.17178344726562
147.17178344726562,155915500.0,0.19432191364663964,139.15441022600447,0.0010199037427571778,6.148142774758787,142.5732879638672
142.5732879638672,234657600.0,-0.9389600065955563,140.70533316476005,-0.031245768554854614,5.265160813017026,118.38121032714844
118.38121032714844,818830900.0,0.7781913685699706,138.1604505266462,-0.16968169831960267,9.99185817778734,128.94775390625
128.94775390625,579666400.0,0.37408632835988587,137.50637817382812,0.08925862094077885,10.483532843130245,123.65947723388672
123.65947723388672,467120600.0,0.3884931964776255,135.50560324532645,-0.04101100261279511,11.712647003402681,124.6091766357422
124.6091766357422,392925500.0,0.07700304566432714,133.19493212018693,0.007679956466735138,12.087280897114287,120.03067016601562
120.03067016601562,388161100.0,-0.08111515999075913,129.33905138288225,-0.03674293172733556,11.214974985821408,116.62179565429688
116.62179565429688,371235700.0,0.11436188188064977,124.97476741245815,-0.02840002898429128,8.8038573171105,118.6111297607422
118.6111297607422,256550000.0,0.4959696460887997,121.55160195486886,0.01705799585132728,4.355244889287334,124.78912353515624
124.78912353515624,262230800.0,-0.22822153432670733,122.4670181274414,0.05208612199273421,4.249964780258705,128.6378631591797
128.6378631591797,251483600.0,-0.3252355478156188,122.42274802071708,0.030841947719419283,4.172107322748501,129.79747009277344
129.79747009277344,228186300.0,0.6126771480824684,123.29960414341518,0.009014507121894777,5.031795023467713,133.52626037597656
133.52626037597656,216989100.0,0.19581301077955793,124.57347324916294,0.02872775779480108,6.369511847405634,132.7565155029297
132.7565155029297,178902400.0,0.36055120979693434,126.39145115443638,-0.005764745233480362,6.666007076600006,131.0970458984375
131.0970458984375,160278600.0,-0.5032490103326672,128.45934404645647,-0.012500099134159393,5.218190751032779,135.24566650390625
135.24566650390625,197430000.0,0.7980845865387161,130.83570643833704,0.031645416393918824,3.4860256415512354,138.8045196533203
138.8045196533203,195479600.0,0.8552872493734032,132.83790588378906,0.026313990247600838,3.459129214990212,139.35433959960938
139.35433959960938,219176600.0,0.09498813122086269,134.36883108956474,0.003961109823097164,3.656293094113551,139.18438720703125
139.18438720703125,167536000.0,-0.5108681269443911,135.70981924874442,-0.001219570148058735,3.4135848653197254,140.06410217285156
140.06410217285156,143903600.0,-0.5071916957583678,136.64379664829798,0.0063205003339330545,3.6055749367849272,134.38595581054688
134.38595581054688,228217600.0,-0.45777778281031356,136.87657383510046,-0.040539626315509114,3.3567995115198896,130.23733520507812
130.23733520507812,251381100.0,0.14842116857143162,136.7537580217634,-0.030870938711165197,3.609699389859552,126.58851623535156
126.58851623535156,271428700.0,0.23814349276855618,135.51702226911272,-0.028016689407695194,5.299854894361151,131.23699951171875
131.23699951171875,322553800.0,0.06926363799455126,134.43594796316964,0.03672120832607595,5.2893080135865995,120.1106414794922
120.1106414794922,443175800.0,0.30490851251242135,131.68684823172433,-0.08478064931096685,7.023551568394819,124.87908172607422
124.87908172607422,389091100.0,-0.6293101374792089,129.6432331630162,0.03970039779860968,6.5431862277901285,114.02263641357422
114.02263641357422,411381400.0,0.9047196594457072,125.9230237688337,-0.08693565937899761,7.016748325754085,115.9520034790039
115.9520034790039,398163300.0,-0.6813785018742078,123.28960200718471,0.016920912602227833,6.7658973050671705,117.2615737915039
117.2615737915039,284337900.0,0.6287282396056062,121.43592180524554,0.011294072316198722,6.307104639462742,110.53378295898438
110.53378295898438,321181900.0,0.7017732832074375,119.14238848005023,-0.057374215738241974,7.001937230323236,112.65309143066406
112.65309143066406,341755500.0,0.7570681807732775,116.48754446847099,0.01917340033920767,4.841775379813424,106.94495391845705
106.94495391845705,366487400.0,0.3418145710251079,114.60673195975167,-0.050670047663274986,5.683730370901705,108.72437286376952
108.72437286376952,354865700.0,-0.34882507753862946,112.29891640799386,0.01663864334047238,3.7777338012917157,115.71273803710938
115.71273803710938,323857500.0,-0.9658876304313724,112.54035949707031,0.06427597593132317,3.9560615967034556,115.55277252197266
115.55277252197266,299033100.0,-0.12276117731887659,112.4833265032087,-0.0013824365221175583,3.9011769245081074,121.6413345336914
121.6413345336914,277593500.0,-0.03214431648171634,113.1090066092355,0.052690747948613614,4.993532870133611,119.50183868408205
119.50183868408205,255501500.0,0.7217697304436141,114.39015742710659,-0.017588559495923417,5.359715731144726,115.40280151367188
115.40280151367188,299686900.0,0.6567556318794998,114.78297315325055,-0.034301038507419834,5.311736011249026,117.4923095703125
117.4923095703125,273426200.0,-0.6504802112922734,116.28973824637276,0.018106216047043544,4.068185666323154,118.50206756591795
118.50206756591795,248829700.0,0.5622883175123674,117.68655177525112,0.008594247566485747,2.3559442232605345,117.6722640991211
117.6722640991211,266498500.0,-0.20989388190859048,117.96648406982422,-0.0070024387239933095,2.193116805548882,121.38140106201172
121.38140106201172,228452500.0,0.7369113988417049,118.7991452898298,0.03152091099195853,2.2301326422762626,120.66156768798828
120.66156768798828,167447200.0,0.9771703627938071,118.65917859758649,-0.005930343262850357,2.045091374468535,113.7332000732422
113.7332000732422,293463300.0,0.4250821258266324,117.83508736746651,-0.05741983754646507,2.704801172346349,111.40375518798828
111.40375518798828,236902100.0,0.11634480707562633,117.26379503522601,-0.020481661324519118,3.583692018892482,109.6441650390625
109.6441650390625,229872500.0,0.219573744191222,116.14263153076172,-0.015794711282008045,4.587384514025615,108.35446166992188
108.35446166992188,299212700.0,-0.43554702892470565,114.69297354561942,-0.011762626571884982,5.270083388606936,110.1240463256836
110.1240463256836,222614000.0,0.3429840700412441,113.61465672084263,0.016331442457370837,5.330763345180717,110.39398193359376
110.39398193359376,220601200.0,-0.8463729924275503,112.04502541678292,0.002451195873350409,4.149426837192559,101.77601623535156
101.77601623535156,338769400.0,-0.30726302983321374,109.34708949497768,-0.0780655389659396,3.7318940600577464,94.28778076171876
94.28778076171876,532273800.0,0.7876857433906668,106.56917245047433,-0.07357563943470391,6.286085843999877,97.61699676513672
97.61699676513672,611041300.0,-0.5689818806852909,104.59963553292411,0.03530909282753658,6.667133079479548,96.27731323242188
96.27731323242188,476243400.0,0.3525587131295145,102.69008527483258,-0.013723875729736656,6.891940658175027,114.30306243896484
114.30306243896484,612918300.0,-0.993899827429005,103.53988538469586,0.1872273810033236,7.986593279753091,107.5446548461914
107.5446548461914,437812400.0,0.06291929589652612,103.17140088762555,-0.059127091160678824,7.686032468792706,110.90386199951172
110.90386199951172,313417300.0,0.7014722067012875,103.24424089704242,0.031235463613924708,7.767868743317605,110.68391418457033
110.68391418457033,264705000.0,0.9070720292153103,104.51679774693082,-0.0019832295375102893,8.204632403862247,112.1735610961914
112.1735610961914,228966900.0,0.3487990644554857,107.07190922328404,0.013458567331988469,7.2132867127465925,104.46538543701172
104.46538543701172,397016900.0,0.797124452296941,108.05025046212333,-0.06871651023515024,6.0949099911538,101.4660873413086
101.4660873413086,292517500.0,-0.8785249394925552,108.79150390625,-0.028710927386675578,4.542219044872185,96.88717651367188
96.88717651367188,288501100.0,0.9697054326511794,106.30352020263672,-0.04512749971558783,5.65384553428938,98.86670684814452
98.86670684814452,241004800.0,0.27030796078931973,105.06381334577289,0.020431293445663634,6.255710484336941,102.68579864501952
102.68579864501952,247526000.0,0.06240709030816971,103.88980429513113,0.0386286943160854,5.725734113996498,106.40492248535156
106.40492248535156,220815000.0,-0.3917570652612139,103.2785197666713,0.036218482880859604,5.0704108275852295,110.98385620117188
110.98385620117188,251064700.0,0.07396653691211585,103.10856192452566,0.04303310043246045,4.73114935650216,108.7043914794922
108.7043914794922,207708500.0,-0.2583254293389827,103.7141342163086,-0.020538705355019005,5.183434497855653,108.99431610107422
108.99431610107422,170444300.0,0.5929497252782139,104.78959546770368,0.002667092080053779,5.415075358395378,108.8943328857422
108.8943328857422,235044600.0,0.21038068203406968,106.50490352085659,-0.0009173250395855259,4.276737829002615,111.58370208740234
111.58370208740234,236121500.0,-0.9894956011307838,108.32161712646484,0.024697053835500915,3.002552440370122,114.47303009033205
114.47303009033205,190194800.0,0.33810203936411476,110.00550733293808,0.02589381736650509,2.592326974202727,113.7931900024414
113.7931900024414,133163200.0,-0.005518863075242519,111.06097412109376,-0.005938866887284844,2.3771556049532445,113.51325988769533
113.51325988769533,158525600.0,-0.8589014766688214,111.42231750488283,-0.0024599900463294633,2.5494766666060005,117.0324249267578
117.0324249267578,206758800.0,-0.3363871606606157,112.6120365687779,0.03100223747026698,2.977055337351682,117.34235382080078
117.34235382080078,198428100.0,0.6494789733131938,113.8046133858817,0.002648230985873745,2.958306794981856,116.62252044677734
116.62252044677734,132972200.0,0.8641751610038229,114.90864018031529,-0.006134471915594353,2.1527925288417062,122.97103118896484
122.97103118896484,225023300.0,0.8115019592784554,116.53540148053851,0.05443640488875179,3.2462687091681017,129.89938354492188
129.89938354492188,330430100.0,-0.18133714178991633,118.73916625976562,0.0563413373781545,5.824891267134382,135.30810546875
135.30810546875,281180800.0,-0.7731416287963826,121.81272561209542,0.0416377797663503,8.036539941319901,134.79823303222656
134.79823303222656,226632600.0,0.24867624828320833,124.85343606131417,-0.003768232765931301,8.391828135816176,135.36810302734375
135.36810302734375,226542500.0,0.5376191369721828,127.47281864711216,0.004227577634351887,8.405340832774572,135.53805541992188
135.53805541992188,193154600.0,-0.5643906543228523,130.07220458984375,0.0012554832990736564,7.516898770327465,134.3483428955078
134.3483428955078,161514200.0,-0.9238417940282071,132.6044649396624,-0.00877770099864661,4.682014535186317,131.76895141601562
131.76895141601562,270608700.0,-0.7375158258563523,133.86131068638392,-0.019199280198776703,2.174280304220628,132.7987060546875
132.7987060546875,187344000.0,-0.830415170386487,134.27549961635046,0.0078148503695743,1.4489285517830084,131.25906372070312
131.25906372070312,198821300.0,-0.6656386656428688,133.69706508091517,-0.01159380523896325,1.7457982306422688,135.4680633544922
135.4680633544922,192953600.0,-0.1141973945367476,133.79275512695312,0.03206635423474524,1.8324226544079245,134.7782440185547
134.7782440185547,304021100.0,-0.2976542527147892,133.70848955426897,-0.005092117794083917,1.7600378427442356,139.15721130371094
139.15721130371094,369241900.0,0.16678186227856573,134.2255118233817,0.03249016424752793,2.678820402905023,135.09817504882812
135.09817504882812,333170900.0,0.7162822605274746,134.33263070242745,-0.029168709381678815,2.699463062634007,137.34764099121094
137.34764099121094,197663100.0,0.2076509484579765,135.12958635602678,0.016650601990513936,2.6392698586420456,141.1867218017578
141.1867218017578,225578800.0,-0.8338550714514525,136.32787431989397,0.027951559872750442,3.2403472251888896,141.88656616210938
141.88656616210938,167120800.0,-0.8352891943763359,137.84608895438058,0.00495687095373043,2.9459148327357356,139.95703125
139.95703125,231397900.0,-0.7754493721204514,138.48737008231026,-0.013599137425771679,2.8282169423164265,141.6865997314453
141.6865997314453,153986200.0,0.7856613722491741,139.47427804129464,0.012357853449719514,2.5050751615923548,142.59640502929688
142.59640502929688,185114500.0,0.9468667646772186,139.96559143066406,0.0064212515479658006,2.7571069704334525,143.92608642578125
143.92608642578125,155881900.0,-0.544995893595269,141.22672162737166,0.009324789052088667,2.1004152700250627,142.80625915527344
142.80625915527344,167694000.0,-0.9281950467406064,142.00652422223772,-0.007780571947151982,1.2689558339320617,144.9759063720703
144.9759063720703,162365000.0,-0.9070419937320209,142.54783630371094,0.015192942029507384,1.6204688831271084,141.94639587402344
141.94639587402344,180820600.0,-0.8894212930349392,142.55638340541296,-0.02089664809731795,1.6165527843096508,144.66595458984375
144.66595458984375,183133700.0,0.8232367855605764,143.22908673967635,0.019159054367494432,1.3041860775712217,144.09603881835938
144.09603881835938,139108000.0,-0.4962328198911681,143.5732923235212,-0.003939529332248171,1.1363982061837186,145.455810546875
145.455810546875,161494100.0,0.7741343613557463,143.98177882603235,0.009436565638210936,1.2362539393001821,143.8260955810547
143.8260955810547,242956200.0,0.6996409126253238,143.96749441964286,-0.011204192941437152,1.2375816561659712,144.1460418701172
144.1460418701172,154308900.0,0.6878737171306104,144.15889195033483,0.002224535733727162,1.1266936054700063,147.8754119873047
147.8754119873047,187566100.0,-0.9501128490590751,144.57310703822546,0.025872164568679912,1.8055756482935081,154.28436279296875
154.28436279296875,269146500.0,0.5636973087522281,146.33567374093192,0.0433402059174941,3.7687975017178466,154.99423217773438
154.99423217773438,198145700.0,0.5124385149163864,147.81114196777344,0.004601045575293838,4.867693403019699,157.72377014160156
157.72377014160156,263234500.0,0.805424939061657,149.7579607282366,0.01761057766805907,5.774860998239914,157.96376037597656
157.96376037597656,194580300.0,0.22091973897404293,151.54481070382255,0.0015215857074653005,6.145064945724806,153.2745361328125
153.2745361328125,213143600.0,0.5471146695678999,152.89458792550224,-0.02968544324345679,5.119098817160877,157.22386169433594
157.22386169433594,171224100.0,-0.7967446695279587,154.76284790039062,0.025766351418616162,3.535623993608403,159.3135223388672
159.3135223388672,143716100.0,-0.125603146851182,156.39686366489954,0.013290989179453039,2.220571769558819,158.21371459960938
158.21371459960938,140139000.0,-0.8789337795718015,156.95819963727678,-0.006903417381724064,2.0903841262004357,159.97340393066406
159.97340393066406,138133000.0,0.9973645968924976,157.6695098876953,0.011122230051344939,2.1568027112947856,162.85293579101562
162.85293579101562,183656400.0,0.17965587314127807,158.4022478376116,0.01800006619600092,2.9159736284248963,164.07273864746094
164.07273864746094,167704100.0,0.4616324156696383,159.27495901925224,0.007490211033165828,3.5974119015079813,164.89259338378906
164.89259338378906,193633300.0,-0.5878794166363981,160.93468148367745,0.0049968979800461,2.997727604918967,164.04273986816406
164.04273986816406,136975800.0,-0.5999939210379224,161.90880693708147,-0.005153982348054642,2.6822138051549,170.671630859375
170.671630859375,230627400.0,0.9173564278771975,163.5313938685826,0.040409535932759866,3.974663253552119,171.34152221679688
171.34152221679688,158831500.0,0.9236966142880909,165.40679495675224,0.00392503050477,4.141017894032467,172.97125244140625
172.97125244140625,160841100.0,0.23777923697655123,167.26363045828683,0.009511589505708296,4.212136979978818,172.38134765625
172.38134765625,146456400.0,0.21168241367281904,168.6248321533203,-0.003410420962038696,4.08695687761954,171.35153198242188
171.35153198242188,123126100.0,-0.7462659995473107,169.66465977260046,-0.005974055127366262,3.6369388557856634,167.00225830078125
167.00225830078125,193114300.0,0.13847667520180762,169.9660404750279,-0.02538216980801078,3.2414990649310513,170.75161743164062
170.75161743164062,154082200.0,-0.7673965995988865,170.92445155552454,0.022450948681822958,1.921183472439566,173.7111358642578
173.7111358642578,128984600.0,0.6709609548500002,171.3586665562221,0.017332301017892293,2.1805033086030527,173.47117614746094
173.47117614746094,122316800.0,0.34665146823171966,171.66290283203125,-0.0013813721014661606,2.321711040628137,176.7206268310547
176.7206268310547,140023500.0,-0.1562329919254326,172.19852774483817,0.01873193435220344,3.0056221750928054,175.4808349609375
175.4808349609375,154077500.0,-0.7856770140986404,172.6413116455078,-0.007015547037994785,3.255003902160009,179.24021911621094
179.24021911621094,174312200.0,-0.5547813373794779,173.76826695033483,0.021423331819171443,4.011694422404513,177.84043884277344
177.84043884277344,221685400.0,-0.5414172907180654,175.3165784563337,-0.007809521101566741,2.903589275103689,173.69113159179688
173.69113159179688,204529000.0,-0.4396026911008686,175.73650905064173,-0.02333162962246693,2.2786619061486357,179.9700927734375
179.9700927734375,148174600.0,0.04969904398704017,176.63064575195312,0.03615015415062883,2.5618525850307448,178.23037719726562
178.23037719726562,156407600.0,0.5772685003716076,177.31053161621094,-0.009666692667442134,2.187834203082313,179.3901824951172
179.3901824951172,137192300.0,0.7303125795947878,177.69189671107702,0.00650733795265368,2.297774132161052,180.73997497558597
180.73997497558597,151878400.0,0.36063787457197694,178.44320242745536,0.007524338632664662,2.314064276764062,182.6696319580078
182.6696319580078,123396700.0,0.8971906973219668,178.93311854771204,0.010676426079413215,2.8188859265772908,182.0297393798828
182.0297393798828,138323200.0,-0.801679619690266,179.5315900530134,-0.0035030046935885517,2.9878822445666264,183.1295623779297
183.1295623779297,145485700.0,-0.954959253669506,180.87993730817522,0.0060419962243181136,1.8107461360136643,181.5598297119141
181.5598297119141,179871700.0,0.2876440664644335,181.10704258510046,-0.008571705439759048,1.776992232685583,181.98974609375
181.98974609375,129554000.0,0.5492442808814457,181.64409528459822,0.0023679047425748667,1.2537404626756024,180.4200134277344
180.4200134277344,156602200.0,-0.95210457125785,181.7912139892578,-0.008625390714084302,0.9745030377404565,181.979736328125
181.979736328125,132008000.0,0.9650153371182353,181.96832275390625,0.008644955017783174,0.8572049181469146,175.61080932617188
175.61080932617188,185229200.0,-0.06577858975806872,180.95991952078683,-0.03499800104375028,2.4905422585679373,175.370849609375
175.370849609375,215142700.0,-0.8923769914677455,180.00864955357142,-0.0013664290809751733,3.1878830630039956,174.95091247558594
174.95091247558594,140040900.0,0.5179153779798344,178.84027099609375,-0.0023945663416949925,3.348144731491753,177.96043395996094
177.96043395996094,172789400.0,0.1682869391362356,178.3260716029576,0.017202090813873028,3.130168934422472,179.78012084960938
179.78012084960938,163012800.0,-0.05832542263082874,178.01041085379464,0.010225232930471728,2.7923109254227576,181.7397918701172
181.7397918701172,168688200.0,-0.8779684092168649,178.1989506312779,0.01090037658917331,3.0175947732183306,181.56982421875
181.56982421875,235518900.0,-0.7418619478433324,178.14039175851005,-0.0009352252999643706,2.9348399603812036,180.1400604248047
180.1400604248047,281787800.0,0.8074444377594334,178.7874276297433,-0.00787445711365986,2.779358832555652,174.1510467529297
174.1510467529297,243257900.0,-0.9643789294151894,178.61317007882255,-0.03324642868305783,3.053944867650137,170.75161743164062
170.75161743164062,231164900.0,-0.1402620291529495,178.01327078683036,-0.019520005102879878,4.119712786835577,170.59165954589844
170.59165954589844,164424900.0,-0.6214980998132016,176.96058872767858,-0.0009367869432114206,4.985859099054254,171.63148498535156
171.63148498535156,141670100.0,-0.5750809910219914,175.79649788992745,0.006095406083867605,5.165858732967575,166.9922637939453
166.9922637939453,224441400.0,0.9014933058493837,173.68970816476005,-0.027030129068697395,5.3422597084202454,168.2820281982422
168.2820281982422,163769100.0,0.37961782919542886,171.79145159040178,0.007723497933343371,4.342840088285742,170.7316131591797
170.7316131591797,157548400.0,0.4378504213039136,170.4473876953125,0.014556426417988044,2.307234778776597,177.300537109375
177.300537109375,226852000.0,-0.8243352768344236,170.8973148890904,0.03847514721289991,3.260151301828059,177.1505584716797
177.1505584716797,151159300.0,-0.43685817096873647,171.8114493233817,-0.0008459006393353175,4.0208592421532305,177.80047607421875
177.80047607421875,124911000.0,0.6969472162326871,172.8412802559989,0.003668730192814884,4.545337287518149,177.73049926757812
177.73049926757812,147061600.0,-0.10315481699597195,173.71256801060267,-0.0003935692872465424,4.849182196186393,174.86080932617188
174.86080932617188,140737800.0,0.7905657309567278,174.8366459437779,-0.016146299893558758,3.838370287553976,170.27130126953125
170.27130126953125,211843800.0,0.5676327000655987,175.1208278111049,-0.0262466362492908,3.30939474966902,176.2206573486328
176.2206573486328,191763300.0,-0.29637863899746497,175.90497698102678,0.034940451119733984,2.6880213280695466,176.6505889892578
176.6505889892578,237182100.0,-0.554965090325269,175.81212724958147,0.0024397346321005653,2.642623495932196,183.58984375
183.58984375,269637000.0,0.38571672161806037,176.73202514648438,0.039282375453410845,3.9723784748986266,178.410400390625
178.410400390625,192559600.0,-0.7617477498297567,176.81915719168526,-0.028212036426306986,4.0062650230418075,176.9505615234375
176.9505615234375,143564100.0,-0.2861305898219235,176.7077375139509,-0.008182476268150385,3.987496685810422,177.67050170898438
177.67050170898438,191586700.0,-0.21967936621783402,177.10912214006697,0.00406859508864299,3.911282457070909,178.17044067382812
178.17044067382812,148573700.0,-0.06868041248087775,178.2375706263951,0.00281385463560313,2.49150602455761,181.83004760742188
181.83004760742188,193063500.0,0.2580215452339354,179.0389120919364,0.020539921884648038,2.6327592718433768,186.55950927734372
186.55950927734372,236981000.0,-0.19385352501680986,180.4544721330915,0.026010341701790285,3.615179835831738,187.21945190429688
187.21945190429688,173844900.0,-0.03250766271475025,180.97298758370536,0.0035374376225019155,4.329540770363754,188.8692626953125
188.8692626953125,136805800.0,0.6066886301189189,182.46711077008928,0.00881217616136909,5.043593602067021,187.5994110107422
187.5994110107422,137596900.0,0.8138450475159793,183.9883749825614,-0.006723442800848245,4.696372626423171,185.5196228027344
185.5196228027344,157678100.0,0.5873781667257114,185.10967799595423,-0.011086325894107962,3.785134280493442,185.01968383789065
185.01968383789065,140088000.0,-0.9194711276806411,186.08814130510603,-0.002694803694029413,2.2773083648759234,189.0892333984375
189.0892333984375,130168900.0,0.9191694070102749,187.1251678466797,0.021995224919487466,1.5526334516612135,192.54885864257807
192.54885864257807,182997200.0,0.819398889821155,187.9807891845703,0.01829625717954375,2.5310031254681618,183.139892578125
183.139892578125,268774400.0,-0.8603475640872809,187.3979949951172,-0.04886534322137226,3.1335007833602333,188.29933166503903
188.29933166503903,153482800.0,-0.6453926970901906,187.3165762765067,0.0281721203080485,3.096081906987221,180.01022338867188
180.01022338867188,205641400.0,-0.9184305733484683,186.23240661621094,-0.044020911827305054,4.134996354637322,179.8102569580078
179.8102569580078,214450500.0,-0.6439538544091803,185.41678292410714,-0.0011108615216387507,4.807432102743645,181.7900390625
181.7900390625,179723300.0,-0.42706055158651246,184.95540509905135,0.011010395836064779,5.002897783721613,183.19989013671875
183.19989013671875,173135200.0,0.03266960053506929,184.11407034737724,0.007755381326113531,4.676400051138799,182.6199493408203
182.6199493408203,128544700.0,-0.24924218633440653,182.6956547328404,-0.0031656175965260047,2.834775965227539,181.14010620117188
181.14010620117188,124240200.0,-0.6209832497286745,182.40997096470423,-0.008103403516373953,2.882903805244176,180.2602081298828
180.2602081298828,162249600.0,0.19955836808617144,181.2615247453962,-0.004857555235790012,1.3273542517968853,182.13999938964844
182.13999938964844,111363700.0,0.893601241767169,181.56577845982142,0.010428209748937878,1.2335035613137753,186.23953247070312
186.23953247070312,131296700.0,0.5439104413622571,182.48424639020647,0.0225075935807193,1.9142545830132986,191.46897888183597
191.46897888183597,153452700.0,-0.21665345691945714,183.86695207868303,0.02807914271345946,3.8480859449256792,201.0079345703125
201.0079345703125,297986200.0,-0.3712440265419592,186.41095842633928,0.04981984937812545,7.4934540734200175,207.01727294921875
207.01727294921875,308829600.0,0.11357039629874421,189.8962903703962,0.029896025705414164,10.504973430953468,202.8677215576172
202.8677215576172,178864400.0,-0.09776081999140618,193.00023542131697,-0.020044469393717956,10.694802027119803,202.4677734375
202.4677734375,179802200.0,-0.2730933938626974,196.17274475097656,-0.0019714724306379994,9.514419013350725,206.85728454589844
206.85728454589844,180267300.0,-0.11648680962492541,199.7037854875837,0.0216800483053341,7.8857331347820585,198.66818237304688
198.66818237304688,188919300.0,0.6010186507272293,201.47930690220423,-0.039588173995557474,5.3358497119300825,195.18858337402344
195.18858337402344,171350300.0,0.43158755620575473,202.01067897251673,-0.017514626436203384,4.24691641827154,188.05935668945312
188.05935668945312,223029800.0,-0.10164080123918673,200.16088213239397,-0.03652481390732354,6.805628222831015,188.1293487548828
188.1293487548828,264942300.0,0.37044207180404554,197.46260724748885,0.0003721807128440613,7.356203073414998,199.0281524658203
199.0281524658203,198897100.0,-0.737397174522191,196.91409737723214,0.057932501138553194,7.021537955042622,193.1387939453125
193.1387939453125,176483300.0,-0.910400827851712,195.58138602120536,-0.02959058026486583,6.668192319211131,193.7787322998047
193.7787322998047,154935300.0,-0.07135828864994465,193.71302141462053,0.003313360000960719,4.443288977286437,186.8394775390625
186.8394775390625,207423100.0,0.9315552028876846,192.02320643833704,-0.03581019794270368,4.493709757740192,190.14910888671875
190.14910888671875,186591900.0,-0.05261145778786536,191.30328151157923,0.017713769013105507,4.301649906483411,186.5795135498047
186.5795135498047,173628900.0,-0.24046899939126432,191.09187534877233,-0.018772611440638687,4.51854030731653,181.340087890625
181.340087890625,213598900.0,0.10189649123919642,190.12198093959265,-0.028081462747415187,5.805732335484414,186.49952697753903
186.49952697753903,247246400.0,0.8229316065028887,188.3321772984096,0.0284517292724924,4.3515834214379305,180.6201629638672
180.6201629638672,343504800.0,0.9362715299668987,186.5438014439174,-0.031524819976513574,4.611602284271513,178.86036682128906
178.86036682128906,346926200.0,0.23466291040847875,184.41260637555803,-0.009743076928405703,4.133163637875311,182.52996826171875
182.52996826171875,256618300.0,-0.7661945059737407,183.79696219308036,0.020516571142315865,4.0311236699012465,177.80047607421875
177.80047607421875,320600300.0,-0.42843917496988126,182.03287179129464,-0.02591077088622873,3.447794507331706,180.24020385742188
180.24020385742188,183852000.0,-0.3730727825095743,181.12725612095423,0.013721716820289664,2.832091413104034,176.98056030273438
176.98056030273438,121332800.0,-0.09677733456950577,180.5044664655413,-0.01808499704797284,3.229013543780332,179.90025329589844
179.90025329589844,188131000.0,0.013008058201307016,179.56171308244978,0.016497252512760685,1.8601974007276225,181.4400787353516
181.4400787353516,182632200.0,-0.5647144608819135,179.67884390694755,0.008559328912786324,1.9610333237963624,179.57028198242188
179.57028198242188,165138000.0,-0.5033216940160792,179.78026035853796,-0.010305312728931315,1.9297579320290943,183.37008666992188
183.37008666992188,167364900.0,0.7858647101911851,179.90027727399553,0.021160543078458716,2.143553320637371,182.40013122558597
182.40013122558597,143971100.0,-0.2418955973649699,180.55737086704798,-0.005289605638251649,2.097086304096596,185.5399627685547
185.5399627685547,204378100.0,0.5234455309611956,181.3144792829241,0.017213976338018577,2.8017780328513076,184.95999145507807
184.95999145507807,144719700.0,0.6834207529878544,182.45439801897322,-0.003125856580019293,2.3277586884208348,183.77005004882807
183.77005004882807,162785400.0,-0.14708292134144552,183.0072261265346,-0.006433507035163322,2.0647322526497764,180.92019653320312
180.92019653320312,182136600.0,-0.38520437798310336,182.9329572405134,-0.015507714749317003,2.1385293294118095,175.01052856445312
175.01052856445312,204274900.0,-0.6081733834850751,182.28156389508928,-0.03266450115570951,3.5573151008208557,176.28045654296875
176.28045654296875,164775600.0,0.440294662998425,181.26875959123885,0.007256294743706926,4.154815360402686,177.71038818359375
177.71038818359375,148588100.0,-0.3619471997376398,180.59879629952567,0.008111685598434226,4.316923937409356,170.93075561523438
170.93075561523438,222775500.0,-0.3050677012044831,178.5117667061942,-0.038149894542773066,5.00634648259309,174.1305694580078
174.1305694580078,176096000.0,-0.9222550248617698,176.96470642089844,0.018719942068098128,4.3058593577754705,180.98020935058597
180.98020935058597,324925900.0,0.09779860714477029,176.566157749721,0.03933622863520214,3.6501649148748783,183.6800537109375
183.6800537109375,129064400.0,-0.09287185908897122,176.9604230608259,0.014917898316282319,4.291541477232906,189.19976806640625
189.19976806640625,174873600.0,0.8362831055114694,178.98745727539062,0.030050700900573935,6.160916776670882,188.59979248046875
188.59979248046875,65528500.0,0.9133878802504451,180.7473624093192,-0.0031711222062752453,6.965745302799521,190.51968383789065
190.51968383789065,139740300.0,0.8971135911591641,182.57726178850447,0.010179710869091974,7.680765773788851,188.20980834960935
188.20980834960935,120006100.0,0.29821252871542314,185.04569789341517,-0.012124077899723695,5.879302882735393,187.52984619140625
187.52984619140625,97687300.0,-0.9864264825715758,186.95988028390067,-0.003612788112190346,3.3857426255378438,186.4899139404297
186.4899139404297,120100500.0,-0.40792931201667804,187.74698093959265,-0.005545422619901985,2.1949650929735682,188.83978271484372
188.83978271484372,148240500.0,0.2387615670546015,188.4840850830078,0.012600514015812303,1.2752967997928535,188.1098175048828
188.1098175048828,183529700.0,-0.15396360032391798,188.32837785993303,-0.003865526635683514,1.239385094677816,187.22987365722656
187.22987365722656,176862600.0,0.5169248489749909,188.13267517089844,-0.004677819899715829,1.2962382283048213,189.09976196289065
189.09976196289065,153543200.0,-0.6408693138244241,187.92982918875558,0.009987125820996923,0.9156802850670055,185.0299835205078
185.0299835205078,172457000.0,0.6219556813860636,187.47556849888392,-0.021521859150629208,1.409318360967856,184.84999084472656
184.84999084472656,131327500.0,-0.961276235701469,187.09273202078683,-0.000972775721840291,1.7215223409693379,184.92999267578125
184.92999267578125,137968500.0,0.44476921933806346,186.86988612583704,0.000432793264901532,1.9038673276998261,185.7999420166016
185.7999420166016,160128900.0,0.5910202027810283,186.4356231689453,0.004704209026523465,1.717190652602214,183.1300811767578
183.1300811767578,159586100.0,-0.4433826274428734,185.72423226492745,-0.014369546141221212,1.9267245298563522,187.03988647460935
187.03988647460935,206188600.0,-0.7064166169368737,185.69709123883928,0.02134988022026696,1.9031744548635294,186.21990966796875
186.21990966796875,187967200.0,0.5474381201443987,185.28568376813615,-0.004383967623675322,1.2411564727260997,178.06036376953125
178.06036376953125,223345300.0,-0.9667056198954798,184.29002380371094,-0.04381672138594639,3.01228903690167,183.31008911132807
183.31008911132807,200381000.0,-0.08393884981194755,184.07003784179688,0.029482840710084668,3.0207963519924372,184.8299865722656
184.8299865722656,139636600.0,-0.591586001042864,184.05575125558036,0.008291401026020218,3.0162845415039112,187.6598358154297
187.6598358154297,142748100.0,0.9438039171147634,184.32145036969865,0.01531055266325887,3.2670293994418067,186.4599151611328
186.4599151611328,124799600.0,-0.8422592354614509,184.7971409388951,-0.006394126101000319,3.3068259471347186,188.50979614257807
188.50979614257807,143711600.0,0.6353913893781784,185.00712803431915,0.010993681830616664,3.5132090299709375,191.5096435546875
191.5096435546875,148552700.0,0.1474515993308274,185.7628043038504,0.015913482871948492,4.2986503416964155,192.49957275390625
192.49957275390625,171764400.0,0.33527326565534166,187.8255484444754,0.005169082772252587,3.3452063662840605,191.11965942382807
191.11965942382807,179489500.0,0.2726380946158524,188.94120134626112,-0.007168396845442793,2.8545711345228884,185.59996032714844
185.59996032714844,165794100.0,-0.6362784174702634,189.0511975969587,-0.028880854608677953,2.6791966636791558,180.33023071289065
180.33023071289065,204019600.0,0.9417310519609738,188.00411115373885,-0.028392945801114844,4.272259632889554,174.18057250976562
174.18057250976562,207014100.0,-0.80221066302235,186.24991934640067,-0.03410220337884495,6.790662355080192,171.87069702148438
171.87069702148438,206312900.0,0.08973298251236583,183.87290518624442,-0.01326138417734124,8.551629363622338,185.39996337890625
185.39996337890625,231346200.0,0.08235738162678286,183.0000937325614,0.07871770227202068,7.931600549033484,190.0297088623047
190.0297088623047,196387400.0,0.09642700077502275,182.64725603376115,0.024971663419029566,7.480704620556053,188.52978515625
188.52978515625,136764800.0,0.3008125803823791,182.27727399553572,-0.007893101110529654,7.0430813856897645,190.0397186279297
190.0397186279297,144192700.0,0.8060505667142823,182.9115251813616,0.008008991631896611,7.572200832412628,186.9298858642578
186.9298858642578,189932500.0,0.2926244400243254,183.85433306012834,-0.016364120017250072,7.60801427497541,182.80010986328125
182.80010986328125,161888000.0,0.6089725836077913,185.08569553920202,-0.02209264710071812,6.379749939304057,184.95999145507807
184.95999145507807,162276900.0,-0.6687108566718243,186.9555947440011,0.0118155377117235,2.7419947170210395,187.9698181152344
187.9698181152344,164749100.0,-0.6075454931036604,187.32271684919084,0.016272852504360946,2.6700942489883444,187.88983154296875
187.88983154296875,126554500.0,-0.14017886880970765,187.01702008928572,-0.0004255288059948903,2.419231267179901,189.8097381591797
189.8097381591797,178422300.0,-0.5053179313466858,187.19987051827567,0.010218257158700395,2.5946372790500414,191.5396423339844
191.5396423339844,171584800.0,0.746358003040233,187.41414533342635,0.009113885259954158,2.9109088474986766,192.83956909179688
192.83956909179688,175123600.0,-0.5690550097695632,188.25838579450334,0.006786724366676156,3.5367561395119127,195.5494079589844
195.5494079589844,250637100.0,0.0988666945495722,190.07971409388952,0.014052296839024647,3.540184425159028,184.87998962402344
184.87998962402344,360807900.0,-0.13235096105137756,190.0682852608817,-0.05456124079495461,3.559543391162914,177.180419921875
177.180419921875,311636500.0,-0.8917693384231309,188.52694266183036,-0.041646311846979644,6.070220266498949,182.4701232910156
182.4701232910156,209095300.0,0.6769674346971257,187.75269862583704,0.029854898026954624,6.495747558016829,180.04025268554688
180.04025268554688,178099400.0,0.28192808849049333,186.35705784388952,-0.013316539505995761,7.009328741272935,183.03009033203125
183.03009033203125,177731200.0,0.6061684280411379,185.1414075578962,0.016606495502460517,6.691400300915461,183.330078125
183.330078125,198779700.0,0.5902471252697559,183.7829088483538,0.0016390080583172928,5.76988763651714,177.8103790283203
177.8103790283203,189021900.0,-0.9696886741984836,181.24876185825892,-0.03010798420604055,2.944399327171091,182.64010620117188
182.64010620117188,177213600.0,-0.8213229407111009,180.92877851213728,0.02716223428151121,2.5836093289622357,184.760009765625
184.760009765625,179118500.0,-0.06207333489562972,182.01157706124442,0.011606999188437328,2.3263417239330475,186.02999877929688
186.02999877929688,145280400.0,0.770416091390089,182.52013070242745,0.006873722377926494,2.786821837285397,183.13999938964844
183.13999938964844,155762700.0,-0.851075559246899,182.96295166015625,-0.015535125563684415,2.564503367229427,180.25
180.25,160988400.0,0.9591591777877759,182.5657958984375,-0.015780274103308733,2.760179201271953,183.22000122070312
183.22000122070312,217307400.0,0.6607451420795063,182.5500706263951,0.01647712189016981,2.7554086699732148,181.92999267578125
181.92999267578125,182497800.0,-0.6647405925020267,183.13858686174666,-0.00704076266961684,1.8730110489285499,180.3999938964844
180.3999938964844,156683100.0,0.17969342008494849,182.81857081821985,-0.00840982158463266,2.14412215603753,178.55999755859375
178.55999755859375,170968500.0,0.5233606942494891,181.93285478864397,-0.01019953658616235,2.465034473925098,172.6999969482422
172.6999969482422,241323500.0,-0.025385737623954352,180.028568812779,-0.03281810422532416,3.6408174270263487,175.63999938964844
175.63999938964844,182836300.0,-0.4513264241967132,178.95714024135046,0.01702375502813336,3.675961014548418,175.1999969482422
175.1999969482422,147667800.0,-0.5299480882428935,178.23571123395647,-0.002505138026276832,3.8703478948566317,178.67999267578125
178.67999267578125,162602100.0,0.2259881719385486,177.58713858468192,0.019862989658425256,3.2219887988938805,171.24000549316406
171.24000549316406,186152200.0,0.8034750739524845,176.05999755859375,-0.04163861365338872,3.3513149098803914,167.52000427246094
167.52000427246094,196212700.0,0.9671499885615389,174.2199990408761,-0.02172390271764868,4.0370084850251455,165.1699981689453
165.1699981689453,185627000.0,0.10222357320084852,172.30714198521204,-0.014028211816980884,4.747602884427104,174.39999389648438
174.39999389648438,226181300.0,-0.7230167786858253,172.5499986921038,0.05588179348466227,4.8140633794693235,175.75
175.75,168132000.0,0.01792273622444962,172.56571306501115,0.0077408609562046315,4.82599580049523,177.38999938964844
177.38999938964844,143143200.0,-0.20414340689584676,172.87857055664062,0.009331433227018238,5.089049372468558,177.63999938964844
177.63999938964844,107564300.0,-0.8275641105509115,172.73000008719308,0.0014093240930164175,4.903242714930889,178.10000610351562
178.10000610351562,132534900.0,0.5599981143003885,173.71000017438615,0.0025895446715138437,5.230436792753723,182.0800018310547
182.0800018310547,147732700.0,-0.9163491743678847,175.78999982561385,0.02234697131467711,5.253584536310742,183.91000366210935
183.91000366210935,116428500.0,0.7400064382527691,178.46714346749442,0.010050537196021336,3.3808589501093023,188.6300048828125
188.6300048828125,160459500.0,-0.9298610608251836,180.50000217982702,0.025664733438725884,4.589765574025378,189.30999755859372
189.30999755859372,133648200.0,-0.36781145883114896,182.43714468819755,0.0036049019677630856,5.0856257944725245,196.50999450683597
196.50999450683597,161307000.0,-0.4144556728502322,185.16857256208147,0.03803284053190992,6.776529065705349,198.8699951171875
198.8699951171875,185338400.0,-0.3617248590222475,188.20142909458704,0.01200957038482553,7.551932554691429,198.3500061035156
198.3500061035156,133800000.0,-0.8493891222357819,191.0942862374442,-0.0026147182905369437,6.886758109860723,200.6450042724609
