Date,Close,High,Low,Open,Volume
,NVDA,NVDA,NVDA,NVDA,NVDA
2023-04-19,27.906293869018555,27.97523308017652,27.207912752047683,27.336798357649375,358660000
2023-04-20,27.08002471923828,28.005206202430383,26.97611662299647,27.646522604245416,427713000
2023-04-21,27.095016479492188,27.158960962765864,26.69836821134885,26.928164350822538,345103000
2023-04-24,27.018083572387695,27.341796428628392,26.64741139924113,26.989109891102213,339282000
2023-04-25,26.217792510986328,27.222903354703707,26.201807819523317,27.05405218790828,378527000
2023-04-26,26.932161331176758,27.305831139972938,26.681383847249755,26.978122084978935,406337000
2023-04-27,27.201921463012695,27.470684568616697,26.601453148375764,27.338801338428016,377161000
2023-04-28,27.724456787109375,27.733447698531908,27.047055069952613,27.200920093090993,292216000
2023-05-01,28.884429931640625,29.03229974718171,27.755430216862095,27.81537661530885,570329000
2023-05-02,28.185049057006836,28.810496754933304,28.058162478439368,28.654634590232256,402730000
2023-05-03,27.777408599853516,28.341909379215185,27.44770056792737,27.815375094782077,383387000
2023-05-04,27.537620544433594,27.834356814204146,27.21590486366876,27.626540615871196,321850000
2023-05-05,28.654630661010742,28.72956317440286,27.706470718340587,27.801385997568506,361494000
2023-05-08,29.125215530395508,29.194154745050692,28.32492531170623,28.49677215933893,344979000
2023-05-09,28.545724868774414,28.947369681224068,28.424833522945992,28.873435737151034,314869000
2023-05-10,28.859451293945312,29.087250267045963,28.435826537614037,28.97934408614239,369350000
2023-05-11,28.552724838256836,28.924397489324303,28.22101963171673,28.87044439298813,322149000
2023-05-12,28.314937591552734,28.754549009866494,28.021196966245277,28.503769625610616,274222000
2023-05-15,28.927391052246094,28.943377647743457,28.127100823911366,28.482784946357548,293926000
2023-05-16,29.18716049194336,29.84358087051638,28.806498873165175,28.815489784527685,449405000
2023-05-17,30.15130615234375,30.172287485743233,29.403968588740156,29.557831700336376,432535000
2023-05-18,31.649982452392578,31.799849406424173,30.29318370956392,30.383104263115214,748725000
2023-05-19,31.23634910583496,31.55206961057156,30.888657314495276,31.508107900453748,473908000
2023-05-22,31.14842414855957,31.492119729294387,30.652862591168056,30.87366587276824,372000000
2023-05-23,30.660852432250977,31.2603220399213,30.603903648484984,30.972576704465997,356253000
2023-05-24,30.510990142822266,30.579929358273947,29.77963722467679,30.183279227752074,721419000
2023-05-25,37.94640350341797,39.44507664562874,36.60259203294565,38.48892244912427,1543911000
2023-05-26,38.91156005859375,39.135361004641894,37.51679460203459,37.85649409999652,714397000
2023-05-30,40.075523376464844,41.90090712766281,39.91366790954096,40.559096455146374,923401000
2023-05-31,37.800540924072266,40.25936306137478,37.7885504996595,39.45307752910507,1002580000
2023-06-01,39.734825134277344,40.01457626339759,38.306089619716126,38.45495609590561,635873000
2023-06-02,39.29220962524414,40.46417228382388,39.023446585861166,40.061528913678025,482731000
2023-06-05,39.136356353759766,39.53000507242546,38.6727660406919,38.87458704490847,396094000
2023-06-06,38.619815826416016,39.12536886577813,38.114262787053896,38.79566268178252,388729000
2023-06-07,37.44572067260742,39.468141471393565,37.32681416120832,38.88459809447063,511998000
2023-06-08,38.47991943359375,38.833643027365426,37.47570715034152,37.694534053593046,417772000
2023-06-09,38.73971176147461,39.67997469301632,38.536871237623615,39.006501462599836,427717000
2023-06-12,39.4511604309082,39.499123275212575,38.58783685686491,39.16938300880245,388701000
2023-06-13,40.989959716796875,41.06890039349555,39.70896332197463,40.154614126267326,613208000
2023-06-14,42.963417053222656,42.966413063285984,40.52032331528582,40.79211402973289,740465000
2023-06-15,42.61968994140625,43.255194841743766,42.11408458461737,42.5687310811785,568622000
2023-06-16,42.658653259277344,43.6868488037051,42.62767543128522,43.416060581927226,655709000
2023-06-20,43.77378845214844,43.955649344990384,42.640675134967545,42.9644234306128,451153000
2023-06-21,43.011375427246094,43.58093370313804,42.04713285457767,43.467020523272616,551603000
2023-06-22,42.99139404296875,43.392077979853475,42.201011539171446,42.21999389255843,417737000
2023-06-23,42.176029205322266,42.77555900672088,41.98218049927132,42.43083108618956,358140000
2023-06-26,40.600257873535156,42.7305923048299,40.06867198268561,42.42782760853359,594322000
2023-06-27,41.84328842163086,41.907237605323324,40.416406298926006,40.76713004512084,462175000
2023-06-28,41.08488845825195,41.81232053515092,40.48635724932419,40.62824464055819,582639000
2023-06-29,40.79011154174805,41.56750370507978,40.56828482936424,41.52553669526217,380514000
2023-06-30,42.268959045410156,42.516766447959405,41.46858596097829,41.64744701058792,501148000
2023-07-03,42.37986373901367,42.864485450578925,42.169030043008505,42.48378258219759,198209000
2023-07-05,42.28395080566406,43.143275924330226,42.05212974638505,42.102089932908285,323618000
2023-07-06,42.07011795043945,42.146058807449926,41.31370920237291,41.81132135922697,303582000
2023-07-07,42.46979904174805,43.18024602401447,42.14705329030634,42.288940665727566,355881000
2023-07-10,42.14705276489258,42.7775603980854,41.61646549525351,42.6236813610569,353908000
2023-07-11,42.37186813354492,42.724592978174954,42.034134771391415,42.44780896888175,298244000
2023-07-12,43.867706298828125,43.90068146612332,42.74358509464824,42.99938563817074,481277000
2023-07-13,45.94108963012695,46.118948189485444,44.457248919012514,44.48322958682048,478204000
2023-07-14,45.43349075317383,48.050444811535804,45.02480978329466,46.546619140200846,772075000
2023-07-17,46.424713134765625,46.45968564777863,45.22665203775024,46.25285039179776,510488000
2023-07-18,47.45690155029297,47.85858797189123,45.69827797708258,46.66452170058574,569164000
2023-07-19,47.04022979736328,47.78065216165784,46.70549236660369,47.42692856470666,427502000
2023-07-20,45.48444366455078,47.05022098399054,45.02680123666584,46.470672206647684,537865000
2023-07-21,44.274383544921875,45.83017022227141,44.065547183409265,45.752228229130395,963769000
2023-07-24,44.577152252197266,45.07376568294936,44.005600454709025,44.6960587806985,382516000
2023-07-25,45.6433219909668,46.14692613209552,44.88791196755602,44.90589946333249,348081000
2023-07-26,45.41649627685547,46.017028562917005,44.59513975878737,45.985052064508444,364237000
2023-07-27,45.86415100097656,47.357982253239214,45.71426663486367,46.4826670082,455976000
2023-07-28,46.71348571777344,46.99026979268205,46.344774445154044,46.63154903236518,331194000
2023-07-31,46.69249725341797,47.093184983951005,46.4696718790696,46.71747924909827,251055000
2023-08-01,46.470672607421875,46.86336718401233,45.991048000510794,46.42370843555568,237858000
2023-08-02,44.23442459106445,45.80419670368741,43.353113509905164,45.79520486142881,530142000
2023-08-03,44.4802360534668,45.082765789825466,43.76579426976614,43.76579426976614,324176000
2023-08-04,44.645103454589844,45.60635008188567,44.35832886320504,44.94986554244231,362666000
2023-08-07,45.381526947021484,45.504431975857,44.528193870776704,45.07576619174701,322154000
2023-08-08,44.629112243652344,45.206659855456344,44.02158547433781,44.81796378324031,353843000
2023-08-09,42.5207633972168,44.27738970488,42.10108946258739,44.23941737277786,586449000
2023-08-10,42.354896545410156,43.53997113311342,41.80232702153618,42.12707396720268,492705000
2023-08-11,40.823081970214844,41.98517540033476,40.60725111453781,41.71838188742653,533085000
2023-08-14,43.71882629394531,43.76579047022575,40.279517041963544,40.454379600754656,690286000
2023-08-15,43.90568161010742,45.2326473732039,43.67586169687328,44.52520013627042,676512000
2023-08-16,43.452030181884766,44.640100549597996,43.372090845714155,44.48522285041412,527451000
2023-08-17,43.310150146484375,44.02758789498413,42.96741571162868,43.93566069220137,452395000
2023-08-18,43.26517868041992,43.543960081000186,41.62745897404412,42.601695871064955,583768000
2023-08-21,46.9303092956543,47.02823231293925,44.187454706592696,44.45924158481258,692573000
2023-08-22,45.63232421875,48.14935742594029,45.29758682975093,48.097396095838995,755293000
2023-08-23,47.07920455932617,47.16313859123231,45.17269372042857,45.83018078207806,779046000
2023-08-24,47.126163482666016,50.22674065271713,47.122168802250776,50.176780465500904,1156044000
2023-08-25,45.982051849365234,47.767654577471944,44.98882507843675,46.975274808576536,925341000
2023-08-28,46.79841613769531,46.94330333520207,44.852938347469795,46.44569122659898,685192000
2023-08-29,48.74589157104492,49.04266044648469,46.35475936686293,46.62954606851407,701397000
2023-08-30,49.22551727294922,49.88799757012422,48.38717195801793,49.005687906612565,735206000
2023-08-31,49.31645584106445,49.705151991202584,48.91976651789359,49.341437842045146,528570000
2023-09-01,48.471107482910156,49.76109942188399,48.10439357486219,49.72313090360501,463830000
2023-09-05,48.51007843017578,48.81284315295678,47.82261611647607,48.185331532444785,382653000
2023-09-06,47.02811050415039,48.51506952348067,46.547447675154636,48.40714710751364,468670000
2023-09-07,46.20868682861328,46.31161549020898,45.120447146044796,45.49318758272593,433330000
2023-09-08,45.54015350341797,46.57343135473317,45.239365149462806,45.909897697113266,473069000
2023-09-11,45.146427154541016,46.130735550235435,44.28103126100682,46.115746643442655,473966000
2023-09-12,44.83863830566406,45.64107847418229,44.49987453878437,44.70673059385498,349256000
2023-09-13,45.453216552734375,45.89790529019353,44.47190049902718,44.56883283924793,398355000
2023-09-14,45.54914855957031,45.95486307158811,45.099462264257156,45.91789017811765,370097000
2023-09-15,43.86932373046875,45.567133950218214,43.77738515441512,45.309314822834715,506831000
2023-09-18,43.93527603149414,44.211084137750255,41.97065027461465,42.71812866784668,500271000
2023-09-19,43.48958969116211,43.93527718281478,42.971950102234956,43.80237069955783,373064000
2023-09-20,42.2094841003418,43.872322851544475,42.19349643912847,43.5695331686225,367108000
2023-09-21,40.988338470458984,42.07058192849427,40.95136557382746,41.55394487986268,450736000
2023-09-22,41.58092498779297,42.08557317870962,41.202188203522006,41.54294952811981,479236000
2023-09-25,42.19249725341797,42.50627702068914,41.14822547100166,41.561937649909076,419091000
2023-09-26,41.881717681884766,42.79008299471649,41.62589602088143,41.97165495479975,402282000
2023-09-27,42.43832778930664,42.842048671557556,41.599917076129024,42.30042752855497,444935000
2023-09-28,43.05888748168945,43.41563643301945,42.085569148140415,42.430325448929366,424663000
2023-09-29,43.468605041503906,44.113154796580034,43.276737862234015,43.79637496273023,397830000
2023-10-02,44.75070571899414,45.14342881532186,43.83034792394179,43.9992285379224,433298000
2023-10-03,43.48659133911133,45.09846705093091,43.215780788420936,44.77668963515232,470850000
2023-10-04,44.010223388671875,44.112153297816725,43.26174626009731,43.71143255099348,361821000
2023-10-05,44.65677261352539,44.868626271295504,43.85733240049327,44.01921794767318,393483000
2023-10-06,45.73002243041992,45.75700398969615,43.99523549081201,44.16211860779347,434436000
2023-10-09,45.241363525390625,45.573132266606365,44.33699712951298,44.810664938003,409675000
2023-10-10,45.765995025634766,46.22667139823051,45.05649211437215,45.27833709467453,368582000
2023-10-11,46.77328872680664,46.82625308984122,46.01781654956794,46.16371442393257,378137000
2023-10-12,46.912193298339844,47.575730741552675,46.297625211200135,46.74431143305413,481325000
2023-10-13,45.42923355102539,47.0830797443062,45.24836026520754,46.92718670300792,474115000
2023-10-16,46.06279373168945,46.19270015345539,44.88061784699003,45.03151331618372,375099000
2023-10-17,43.90729904174805,44.72273077097073,42.45031760329598,43.96925599511655,812333000
2023-10-18,42.16651153564453,43.18879926057118,41.79577241593963,42.5612359572998,627294000
2023-10-19,42.07158660888672,43.26675013363428,41.85273785103801,42.781089631153165,501233000
2023-10-20,41.35808563232422,42.440329167486595,41.04929959672476,41.860732559994474,477266000
2023-10-23,42.94497299194336,43.21778487682209,40.91639251850647,41.200194491752654,478530000
2023-10-24,43.63248825073242,43.66646488934986,42.66117113532344,43.04689918780669,401463000
2023-10-25,41.74980545043945,43.61950024898592,41.525962950621626,43.36767362465919,398379000
2023-10-26,40.297821044921875,42.22647269652664,39.852133556535904,41.8237544285133,541001000
2023-10-27,40.47169876098633,41.177206691835266,39.987037067133414,41.1012595868594,416784000
2023-10-30,41.132240295410156,41.73681712722262,40.45271510334961,41.05829449956598,388028000
2023-10-31,40.75150680541992,40.850440472726774,39.20259051438913,40.421739350493176,517969000
2023-11-01,42.295433044433594,42.35139367956083,40.84044890706074,40.855437818322336,437593000
2023-11-02,43.4755973815918,43.853331578454224,42.864025551225126,43.29772036984495,409172000
2023-11-03,44.97355270385742,45.27733731815709,43.69244703893823,43.989240387189966,424610000
2023-11-06,45.71902847290039,45.90290181424292,44.867622664486824,45.25335451197863,400733000
2023-11-07,45.92289352416992,46.18570644456995,45.12644949582393,45.68705835405159,343165000
2023-11-08,46.54145431518555,46.834248828049994,45.93587499644732,46.06778272127609,346719000
2023-11-09,46.91719436645508,48.19629874432979,46.71733335440422,47.43383140399592,540496000
2023-11-10,48.30122375488281,48.43812905946533,47.24996072733801,47.466808147596865,421245000
2023-11-13,48.58602523803711,49.08168084897678,48.065389383307924,48.28623562834099,384136000
2023-11-14,49.621299743652344,49.799176764113575,49.00573287416369,49.645285046741414,416954000
2023-11-15,48.85383987426758,49.92508940872805,48.1663208904743,49.90010916476034,475497000
2023-11-16,49.44542694091797,49.490397480832705,48.296232754650504,48.64498792594149,339756000
2023-11-17,49.26355743408203,49.68226341163358,48.9727603803161,49.489397461523026,325205000
2023-11-20,50.373775482177734,50.51267829045294,49.14663294635536,49.27754192431734,414120000
2023-11-21,49.90910339355469,50.48170107547834,49.18760774710226,50.09097543368955,565747000
2023-11-22,48.68195343017578,50.29982144046333,47.65666949538865,49.817161099137216,899420000
2023-11-24,47.742610931396484,48.88681116276577,47.71163055365719,48.436126147509995,294645000
2023-11-27,48.20829391479492,48.49609089003982,47.61870599505968,47.76660139816942,395662000
2023-11-28,47.7875862121582,48.28923817471284,47.439829789625705,48.20229716306376,401491000
2023-11-29,48.10636520385742,48.72793227517069,47.826562052543174,48.34520044689955,382005000
2023-11-30,46.737327575683594,48.0763916225083,46.38957111066741,47.9904493527191,526247000
2023-12-01,46.73232650756836,47.16702396235708,46.1547312180282,46.49249632095064,369317000
2023-12-04,45.47819519042969,46.04480030339198,44.97854459860675,46.04480030339198,437543000
2023-12-05,46.53755187988281,46.57152769132749,45.24334109197845,45.43822164958941,371718000
2023-12-06,45.47520065307617,47.358052404807324,45.3842566412969,47.18615659482553,380590000
2023-12-07,46.567535400390625,46.60051618631754,45.57614082890342,45.67208285394523,350823000
2023-12-08,47.47697448730469,47.71183151295026,46.5215573196364,46.566531807194686,359224000
2023-12-11,46.598514556884766,47.50196163403656,45.802004370558734,47.461988967358906,509728000
2023-12-12,47.62789535522461,47.63688873008438,46.017879199850015,46.017879199850015,372387000
2023-12-13,48.05862808227539,48.56431952524785,47.578921733918634,47.59990881517736,447792000
2023-12-14,48.32046127319336,48.6402654789673,47.39303060139569,48.36043775200682,391232000
2023-12-15,48.86013412475586,49.37382007835511,48.09060403450958,48.16456014183968,479948000
2023-12-18,50.04640197753906,50.402183450524724,49.119970246820735,49.36981749362579,412587000
2023-12-19,49.573692321777344,49.66963433728467,48.86512588284418,49.39380199579273,464444000
2023-12-20,48.081607818603516,49.9684548790202,48.0686152726536,49.624663268494515,397894000
2023-12-21,48.96006774902344,49.065003134313834,48.389413683730325,48.78117626784754,300425000
2023-12-22,48.8001708984375,49.352830653569725,48.43738988482299,49.16494577989552,252507000
2023-12-26,49.24889373779297,49.56969677808233,48.930088377699356,48.93808291084912,244200000
2023-12-27,49.38680648803711,49.649646285457685,49.05500860498553,49.48075082384643,233648000
2023-12-28,49.49174880981445,49.85352719386826,49.38181539341571,49.6126770927999,246587000
2023-12-29,49.49174880981445,49.96646094313931,48.72121986722186,49.7825714182401,389293000
2024-01-02,48.13856887817383,49.26487918925224,47.565920930034586,49.213911661432995,411254000
2024-01-03,47.539939880371094,48.15456203597886,47.2910914479061,47.45599156277329,320896000
2024-01-04,47.96867752075195,48.47036973426666,47.478975200634494,47.73781584044559,306535000
2024-01-05,49.06700897216797,49.51673484987403,48.27649179251623,48.43239854255895,415039000
2024-01-08,52.2210807800293,52.24307051371221,49.44877695414858,49.48175774230581,642510000
2024-01-09,53.107540130615234,54.29181767502081,51.65842506490768,52.36899311649789,773100000
2024-01-10,54.31679916381836,54.56664645309511,53.45632503855136,53.58325017590931,533796000
2024-01-11,54.78850555419922,55.312187494704844,53.527279337957886,54.965399369459846,596759000
2024-01-12,54.676578521728516,54.93642183109273,54.29681339629927,54.58663334731275,352994000
2024-01-16,56.34755325317383,56.80027560728274,54.86646024002656,54.98438817814625,449580000
2024-01-17,56.018760681152344,56.43650460830921,54.706563019184806,56.312579806380306,474394000
2024-01-18,57.07211685180664,57.56481575240513,56.07272766296372,57.225023275703855,491650000
2024-01-19,59.45465087890625,59.46364425125691,57.190032799056404,57.95356591802426,543501000
2024-01-22,59.61756134033203,60.29414976562131,59.03391842649556,60.01232052303933,452955000
2024-01-23,59.83642578125,59.8734019281728,58.549210583878605,59.53360947543731,294654000
2024-01-24,61.32450866699219,62.810599654408506,59.901378913458146,60.26715642389318,560271000
2024-01-25,61.5793571472168,62.680685096135214,60.81282362309359,62.3119072339738,482777000
2024-01-26,60.99371337890625,61.74525668401416,60.535996808090815,60.92275760795634,390309000
2024-01-29,62.426841735839844,62.450825336358335,60.869794823781135,61.1945932389414,348733000
2024-01-30,62.73564910888672,63.45421163481392,62.221963176710254,62.861575397836866,410735000
2024-01-31,61.48940658569336,62.230953792991116,60.662912229529944,61.40245794445025,453795000
2024-02-01,62.98849868774414,63.1523999678792,61.61234096321601,62.06206301871128,369146000
2024-02-02,66.11958312988281,66.55930912654547,63.65108714697043,63.93491403332179,476578000
2024-02-05,69.2896499633789,69.45455008972388,67.16395031831868,68.1833239064927,680078000
2024-02-06,68.18132019042969,69.71138308978904,66.25949848302591,69.58745829595591,683111000
2024-02-07,70.05616760253906,70.17709586585252,67.55869397580136,68.27725642617484,495575000
2024-02-08,69.59844970703125,70.75074512715133,69.412566337875,70.03118381151026,414422000
2024-02-09,72.08894348144531,72.14090604638328,70.16911160679686,70.48991468195457,436637000
2024-02-12,72.20386505126953,74.56542046599529,71.2064736279646,72.55564739281085,613710000
2024-02-13,72.08394622802734,73.40513741451034,69.57748237910234,70.35700477469595,602580000
2024-02-14,73.85486602783203,74.19065934700839,71.89406636072601,73.15729429339046,504917000
2024-02-15,72.61361694335938,73.9298138493264,72.35577892403286,73.82388341395547,420122000
2024-02-16,72.56863403320312,74.35654245789623,72.45670295069786,74.05472502125532,495327000
2024-02-20,69.4095687866211,71.91203666406658,67.69261615478561,71.90303947909813,704833000
2024-02-21,67.4307861328125,68.84592156210476,66.2075347659216,67.96445653317794,673755000
2024-02-22,78.49002838134766,78.52700071768926,74.17466516688725,74.97917375100998,865100000
2024-02-23,78.76885223388672,82.34366290568272,77.5226123761237,80.74064650613892,829388000
2024-02-26,79.04369354248047,80.59674521460998,78.45704646976243,79.6513162598183,503973000
2024-02-27,78.6529312133789,79.4314624072199,77.11487729009905,79.33251622087948,391705000
2024-02-28,77.61554718017578,78.88476781049101,77.07787390422563,77.57257418666705,393110000
2024-02-29,79.06367492675781,79.9411369643908,78.30213934805526,79.04568817875618,507289000
2024-03-01,82.22872924804688,82.24972013852617,79.38646508056598,79.95112232187887,479135000
2024-03-04,85.18492889404297,87.64142750402274,83.66785848531528,84.07860289478097,615616000
2024-03-05,85.91551208496094,86.04844030428545,83.36995155382468,85.22190326590307,520639000
2024-03-06,88.64997100830078,89.67339555623481,86.98091470216241,87.97235961581464,582520000
2024-03-07,92.6167221069336,92.71466639598263,89.55145092677502,90.10713703099752,608119000
2024-03-08,87.47863006591797,97.34506345152579,86.45720334881955,95.08433828640496,1142269000
2024-03-11,85.72563171386719,88.7469219574668,84.11853680206842,86.38026112101332,678364000
2024-03-12,91.86116790771484,91.90813847414768,86.10141744907258,87.99934858682109,668075000
2024-03-13,90.83673858642578,91.45238847114443,88.38511917925783,91.0036442134583,635713000
2024-03-14,87.8943862915039,90.59486542464842,86.55114274535384,89.52646826118793,602318000
2024-03-15,87.7874526977539,89.49548835416286,86.20834970674177,86.88096661769565,642086000
2024-03-18,88.40512084960938,92.35289034072188,87.03589066625348,90.33702946254044,668976000
2024-03-19,89.34758758544922,90.49293740706634,84.96206166270107,86.65110342037197,672171000
2024-03-20,90.3210220336914,90.35900261059237,88.17323222883243,89.74634182102426,479063000
2024-03-21,91.38343048095703,92.59575144201277,90.35401259550207,92.24794813241263,480372000
2024-03-22,94.2358169555664,94.72453954495887,90.78276394753543,91.0895899885777,586719000
2024-03-25,94.94840240478516,96.71140716240863,93.45724736719572,93.88800396946667,552136000
2024-03-26,92.50879669189453,96.32064875325118,92.44983185631351,95.79694219210086,513648000
2024-03-27,90.19910430908203,93.1874159899472,89.07274096879794,93.05948982143728,586067000
2024-03-28,90.3050308227539,91.24849853375163,89.14268488587938,89.9492288448454,435212000
2024-04-01,90.31202697753906,92.17297617207028,89.15368416261286,90.24806771473163,452441000
2024-04-02,89.40153503417969,90.04317111245476,87.57056790887991,88.39809605770056,433064000
2024-04-03,88.913818359375,90.32302673450899,88.35014110939444,88.43409336471458,370067000
2024-04-04,85.85653686523438,90.58287298050408,85.83154944356146,90.35499714995936,434965000
2024-04-05,87.9583740234375,88.43110686367916,85.87754736667624,86.81701209960936,399678000
2024-04-08,87.08384704589844,88.77988827828314,86.68307229452097,88.64995673788222,283220000
2024-04-09,85.30584716796875,87.58556628736338,82.97516956737525,87.39267436773328,501700000
2024-04-10,86.98990631103516,87.35070274664696,83.66178279831279,83.87866326448999,431929000
2024-04-11,90.56488800048828,90.687819723934,86.87697442257391,87.37069146521046,431637000
2024-04-12,88.13626098632812,90.1241452492344,87.48063273280795,89.64840815742117,426805000
2024-04-15,85.95249938964844,90.56189797510771,85.88054139689574,89.04775296579596,443077000
2024-04-16,87.36569213867188,88.06829089560239,86.01545628049773,86.38424380509475,370453000
2024-04-17,83.98759460449219,88.7249183584023,83.90263584788114,88.2901585822677,495400000
2024-04-18,84.62323760986328,86.14138561304675,82.35552028108327,84.92207255324703,447260000
2024-04-19,76.15701293945312,84.27643078371705,75.5633538677308,83.10309705685607,875198000
2024-04-22,79.47315216064453,80.02783946358336,76.35691439393003,78.05994814693265,596341000
2024-04-23,82.37651062011719,82.72231614993429,80.21873169463018,80.7234441336971,438559000
2024-04-24,79.63206481933594,84.03457921776213,79.13834013698539,83.90264988256477,512208000
2024-04-25,82.58540344238281,83.27600801866915,78.17888569012331,78.82351858715127,424641000
2024-04-26,87.6855239868164,88.28118855401848,83.3399763925944,83.7707330936579,551011000
2024-04-29,87.70751190185547,87.94237235498613,85.21791179771557,87.54560070216142,388971000
2024-04-30,86.35327911376953,88.76891600613489,86.25133925368692,87.19080401105087,363709000
2024-05-01,82.99415588378906,85.95148630832341,81.20916027802339,85.02901046138126,559863000
2024-05-02,85.76859283447266,86.18835408667036,83.15306466582874,84.4013606664833,377898000
2024-05-03,88.7389144897461,89.23063371341577,86.9909005732954,87.73947860212795,398341000
2024-05-06,92.08802032470703,92.16797702421842,89.00476158502293,89.33957168600001,376203000
2024-05-07,90.50292205810547,91.72922732116892,88.96079315014337,91.04661392300342,437342000
2024-05-08,90.36101531982422,91.14257199813075,89.36957035953105,89.43253836914545,325721000
2024-05-09,88.69694519042969,91.0206307579062,88.18123739175036,90.47793776117966,378013000
2024-05-10,89.82730865478516,91.34945233112951,89.17667483195356,90.25406978590553,335325000
2024-05-13,90.3480224609375,90.94668368485891,88.47907428372562,90.4269726636133,289680000
2024-05-14,91.30448150634766,91.5993133075769,88.88384272491611,89.5484686052902,296507000
2024-05-15,94.57662963867188,94.80850105677926,91.54734077306348,92.41984953324487,417735000
2024-05-16,94.30577850341797,95.76495408373688,94.04991856770557,94.85647021604154,323952000
2024-05-17,92.42683410644531,94.68656039026546,91.75421718471637,94.31577507944353,359691000
2024-05-20,94.72654724121094,95.14630855060346,93.38730659931326,93.69712933361367,318764000
2024-05-21,95.33219909667969,95.3461911389766,93.12744211033531,93.54620449229954,328946000
2024-05-22,94.89644622802734,95.96584245517248,93.19640917175742,95.4051618418388,548648000
2024-05-23,103.74046325683594,106.26003756449907,101.46274160839002,101.9704583406549,835065000
2024-05-24,106.40895080566406,106.41494412748668,102.94190563238328,104.39008586204577,429494000
2024-05-28,113.83676147460938,114.87417806167193,109.82102986026253,110.18182631936331,652728000
2024-05-29,114.7602310180664,115.42685462015827,110.83844833840384,112.98623828974068,557442000
2024-05-30,110.43767547607422,115.75367568258609,109.60114957621623,114.58533630630252,484553000
2024-05-31,109.57115936279297,112.65341931534381,106.879677688503,112.45652422078095,613263000
2024-06-03,114.93512725830078,114.93512725830078,111.93981625134096,113.5569073631165,438392000
2024-06-04,116.37133026123047,116.53424034822847,113.98068096958718,115.65074383289046,403324000
2024-06-05,122.37095642089844,122.3799464045841,117.40176009510016,118.304250755888,528402000
2024-06-06,120.92976379394531,125.51617269807858,118.25327265969561,123.97803915924119,664696000
2024-06-07,120.81982421875,121.62337164710611,117.95544321860926,119.70245088550641,412386000
2024-06-10,121.7213134765625,123.03057221935303,116.94401053331076,120.30211616184846,313434100
2024-06-11,120.85173797607422,122.81079255068147,118.68277788836801,121.71131653242202,222551200
2024-06-12,125.13966369628906,126.8188544177255,122.51093382538542,123.00069556163665,299595000
2024-06-13,129.5475311279297,129.7374419918796,127.09871503024357,129.32763594350715,260704500
2024-06-14,131.8164520263672,132.7759808624214,128.2581700274141,129.89737910282292,309320400
2024-06-17,130.9168701171875,133.66554475885698,129.5175509456389,132.9259111616535,288504400
2024-06-18,135.5146484375,136.26428691629846,130.62700616579136,131.07678620278367,294335100
2024-06-20,130.71697998046875,140.69216665961412,129.45759262565218,139.73263779444994,517768400
2024-06-21,126.50900268554688,130.5670512631637,124.24010000634735,127.05874067811743,649445800
2024-06-24,118.0530776977539,124.40001580098117,117.98311173916277,123.1806025577778,476060900
2024-06-25,126.02923583984375,126.43904192857353,119.2625015362155,121.14159285282038,414192600
2024-06-26,126.3390884399414,128.0582531537486,122.54091663746888,126.06921428451571,362975900
2024-06-27,123.93024444580078,126.34908399185862,122.8607604065947,124.04019204451785,252571700
2024-06-28,123.48046875,127.648457456266,122.69084852465333,124.5199685039101,315516700
2024-07-01,124.24010467529297,124.7798377464592,118.77273936918628,123.41050281013469,284885500
2024-07-02,122.61088562011719,123.35053451744282,120.97167651778796,121.07162680437523,218374000
2024-07-03,128.21817016601562,128.21817016601562,121.30150730962696,121.60136576540062,215749000
2024-07-05,125.76936340332031,128.78791231292527,125.61943416430904,127.31861187118912,214176700
2024-07-08,128.13819885253906,130.70696731901708,126.9787619894619,127.42854201917729,237677300
2024-07-09,131.3166961669922,133.7555228326683,128.58800070420872,130.28719371816868,285366600
2024-07-10,134.84500122070312,135.03491211498738,132.35619546389498,133.965420342518,248978600
2024-07-11,127.33860778808594,136.0843835595481,126.98877797734232,135.6845824191085,374782700
2024-07-12,129.17774963378906,131.856451337425,127.15871841221467,128.19821072594715,252680500
2024-07-15,128.37808227539062,131.3266570475404,127.11868757874264,130.49705535546263,208326200
2024-07-16,126.29910278320312,128.97780386568002,124.51996185494663,128.3781021800115,214769500
2024-07-17,117.9331283569336,121.79126850169425,116.66374383425097,121.29150949460832,390086200
2024-07-18,121.03164672851562,122.3410206645978,116.50383081871446,121.79128264268718,320979500
2024-07-19,117.8731689453125,121.54139851435873,117.31344125378135,120.29200089882109,217223800
2024-07-22,123.48046875,124.01021213043963,119.8022417845173,120.29200352530061,258068900
2024-07-23,122.53091430664062,124.62990831594026,122.04115259647224,122.72082517670732,173911000
2024-07-24,114.19493865966797,119.89218856658098,113.38533146913761,119.1125656978158,327776900
2024-07-25,112.22588348388672,116.57378540069556,106.24876991914482,112.98551932388845,460067000
2024-07-26,113.0055160522461,116.14400233469152,111.52623350707361,116.13401264402222,293399100
2024-07-29,111.53620910644531,116.22395093081532,111.24635559929368,113.63520299096253,248152100
2024-07-30,103.68000793457031,111.93602131829121,102.49057904635741,111.46624662712419,486833300
2024-07-31,116.96359252929688,118.28295597890576,110.82655264429766,112.84558326649312,473174200
2024-08-01,109.15736389160156,120.10209097077005,106.75851907796755,117.47335365334001,523462300
2024-08-02,107.21829223632812,108.66759790813096,101.32114215166182,103.7099895556254,482027500
2024-08-05,100.4015884399414,103.36016867781126,90.6462974352404,92.0156323292122,552842400
2024-08-06,104.19976043701172,107.65809209854007,100.50154657010994,103.78995436151921,409012100
2024-08-07,98.8623275756836,108.74755983917498,98.64243239882663,107.75803154331864,411440400
2024-08-08,104.91940307617188,105.44914638290969,97.47298958555044,101.95083346973259,391910000
2024-08-09,104.69952392578125,106.54863093775165,103.3801603016259,105.58909444979487,290844200
2024-08-12,108.96746826171875,111.01648357411331,106.20880358471621,106.26877223508454,325559900
2024-08-13,116.08403015136719,116.17399074467681,111.52623010948827,112.38581627538197,312646700
2024-08-14,118.0230941772461,118.54284021234767,114.01502462748074,118.47287425328174,339246400
2024-08-15,122.8008041381836,123.1806183011187,117.41340176096612,118.70278112755229,318086700
2024-08-16,124.51996612548828,124.93976189528415,121.12160307679298,121.88123896431732,302589900
2024-08-19,129.93734741210938,129.93734741210938,123.36051676677039,124.22010290586175,318333600
2024-08-20,127.18868255615234,129.81742012912812,125.82933728380516,128.33812230971984,300087400
2024-08-21,128.4380645751953,129.28766098618868,126.59895509298427,127.25863301570179,257883600
2024-08-22,123.68036651611328,130.68699047324503,123.04067554756361,129.95734653679833,376189100
2024-08-23,129.30764770507812,129.53754784197983,125.15965381933411,125.79934477343178,323230300
2024-08-26,126.3990478515625,131.196729770517,124.31005885081005,129.50755712849073,331964700
2024-08-27,128.23817443847656,129.1377346219971,123.82029866993177,124.98974063480068,303134600
2024-08-28,125.54946899414062,128.26815944285755,122.580899020736,128.05825393148814,448101100
2024-08-29,117.5333251953125,124.37003270157089,116.65375204642187,121.30151255769351,453023300
2024-08-30,119.3124771118164,121.69132742002542,117.16351169383461,119.47239604079388,333751600
2024-09-03,107.94795227050781,116.15399476413343,107.238295351223,115.95409419910477,477155100
2024-09-04,106.15880584716797,113.21540048575886,104.06981688786142,105.35919602273194,372470300
2024-09-05,107.15833282470703,109.5971593888533,104.70951657024186,104.93940145906154,306850700
2024-09-06,102.78044891357422,108.09788494505915,100.90134998938433,107.98793734308131,413638100
2024-09-09,106.41869354248047,106.4986568208146,103.64003443897201,104.82945579489092,273912000
2024-09-10,108.04788970947266,109.34726610485653,104.89940661736314,107.7580285866342,268283700
2024-09-11,116.85365295410156,117.13351677378026,107.36822165058582,109.33727332924734,441422400
2024-09-12,119.0927734375,120.7421209186122,115.33426173002456,116.79368208487448,366052700
2024-09-13,119.05278778076172,119.91244749081417,117.55338237388469,119.03279906427295,238358300
2024-09-16,116.73371124267578,118.1331578565614,114.31467227697621,116.74370941440674,248772300
2024-09-17,115.54417419433594,118.75290839853001,114.78448096424103,118.12315326201993,231925900
2024-09-18,113.32505798339844,117.65333558843457,113.17511592459984,115.84405559100924,310318900
2024-09-19,117.82328033447266,119.61257171272585,117.20352335036759,117.30348218615993,293506400
2024-09-20,115.95401763916016,118.57298181753792,115.3442588328446,117.01359501507952,382462400
2024-09-23,116.21391296386719,116.94361929782039,114.81446644323901,116.50379891378353,206228500
2024-09-24,120.82209014892578,121.75172180406905,115.33426088161053,116.47380837806097,354966800
2024-09-25,123.46104431152344,124.89047778241,121.56179592255684,121.97162943795686,284692900
2024-09-26,123.9908218383789,127.61937987933592,121.75171208350119,126.7497296956914,302582900
2024-09-27,121.35187530517578,123.98082995705606,119.21272426875333,123.92085618310571,271009200
2024-09-30,121.3918685913086,121.451842369324,118.10317169758383,118.26310431441512,226553700
2024-10-01,116.95362091064453,122.3914669216292,115.74410147280143,121.72172671524483,302094500
2024-10-02,118.80288696289062,119.33267565347262,115.09435850244638,116.39384623986545,221845900
2024-10-03,122.80130767822266,124.31071133495183,120.29230036497337,120.872072316084,277118000
2024-10-04,124.8704833984375,124.99043857930913,121.78171184810518,124.890479741768,243678100
2024-10-07,127.66937255859375,130.58821322989388,124.9004663256647,124.94045138468705,346250200
2024-10-08,132.83731079101562,133.42707320550807,129.36868536610157,130.20834865989482,285722500
2024-10-09,132.597412109375,134.46668122269037,131.32792651292905,134.0568400839603,246191600
2024-10-10,134.75656127929688,134.94648840712318,130.94807393580103,131.8577168886846,242311300
2024-10-11,134.74656677246094,135.72617401836632,133.60701929174726,133.9568713960576,170209500
2024-10-14,138.01527404785156,139.54466630986312,136.24597143489578,136.4159022137037,232347700
2024-10-15,131.54783630371094,138.5150744275185,128.68896947491228,137.8153397242487,377831000
2024-10-16,135.66619873046875,136.56583584893667,131.527840530584,133.92688301499192,264879700
2024-10-17,136.87570190429688,140.83413853249198,136.81572813387166,139.28475003463748,306435900
2024-10-18,137.94529724121094,138.8449343829922,137.22558142668973,138.61502982502418,176090200
2024-10-21,143.6530303955078,143.6530303955078,137.94528751258602,138.07524085271365,264554500
2024-10-22,143.53309631347656,144.36276924192205,141.72381599778205,142.85337309657714,226311600
2024-10-23,139.50466918945312,142.37352650102258,137.40551088320953,141.97369118156848,285930000
2024-10-24,140.35433959960938,141.293969386979,138.40511570705533,140.76418072009866,172354900
2024-10-25,141.48388671875,144.0728716327459,140.74418981710016,140.8741279131319,205122100
2024-10-28,140.4643096923828,143.08326638426843,139.99449475491215,142.9433224828564,173586700
2024-10-29,141.19400024414062,142.20359433012132,138.8449258203989,140.23437413304583,157593600
2024-10-30,139.28475952148438,140.27437255912164,136.75576367804047,139.48467718743143,179418100
2024-10-31,132.70738220214844,137.55546626582213,132.05764589588958,137.54547571977304,270039600
2024-11-01,135.34632873535156,137.25557537634637,134.5166711244238,134.64660922766117,207127800
2024-11-04,135.99606323242188,138.90491316378314,135.5162578090522,137.15560698724303,187528200
2024-11-05,139.8545379638672,140.31434706066804,137.27555894461494,137.39550649112996,160537400
2024-11-06,145.5522918701172,146.4319479858603,141.90374455387283,142.90334822985668,242043900
2024-11-07,148.82098388671875,148.87095186286027,146.11205150983724,146.33196551472386,207323300
2024-11-08,147.5714569091797,149.71060760531262,146.20198985995728,148.71100419118065,175665800
2024-11-11,145.20240783691406,148.7909962143961,143.51309063046196,148.62105018654825,182325600
2024-11-12,148.23118591308594,149.59064718789998,145.952091313065,146.72179022487757,198634700
2024-11-13,146.21202087402344,149.27080540839845,145.84215717514013,149.01091396688446,191903300
2024-11-14,146.70181274414062,148.94093020600926,145.49230097997514,147.5814687564354,194463300
2024-11-15,141.92369079589844,145.18240774117885,140.0244503789864,144.81254410002094,250132900
2024-11-18,140.0944366455078,141.4938908192372,137.0956258838966,139.4447004149215,221205300
2024-11-19,146.95172119140625,147.07168399645053,140.9341184421503,141.26398946372595,227834900
2024-11-20,145.83216857910156,147.5015047606034,142.67341754276418,147.3515703217148,309871700
2024-11-21,146.6118621826172,152.8293979645091,140.64422730754492,149.290807835149,400946600
2024-11-22,141.89373779296875,147.1016796207282,141.0440838257902,145.8721561256333,236406200
2024-11-25,135.96607971191406,141.99368792347047,135.7661620516237,141.93371415065735,344941900
2024-11-26,136.86572265625,139.2447840977321,135.61621816013385,137.64541224160723,190287700
2024-11-27,135.28634643554688,137.16560606875765,131.74775643225163,134.95647541996794,226370900
2024-11-29,138.19520568847656,139.29477581313424,135.99608069190262,136.7257870913165,141863200
2024-12-02,138.57504272460938,140.39431322408433,137.76536630294407,138.77496038075373,171682800
2024-12-03,140.20440673828125,140.48429454860658,137.8953246767264,138.2051993772479,164414000
2024-12-04,145.08245849609375,145.73219470186731,140.23437518220274,141.94370396224937,231224300
2024-12-05,145.0124969482422,146.49200804389403,143.9028598130552,145.06248362625453,172621200
2024-12-06,142.3933563232422,145.65228325014007,141.26372149336697,144.5526526293818,188505600
2024-12-09,138.76454162597656,139.90416770148084,137.08509909525122,138.92449289189105,189308600
2024-12-10,135.0257568359375,141.77354545828368,133.74616214517607,138.96445323342698,210020900
2024-12-11,139.26437377929688,140.1240927409604,135.16572567436427,137.31501545162718,184905200
2024-12-12,137.29501342773438,138.39465924672223,135.75552453494274,137.03510407678786,159211400
2024-12-13,134.20602416992188,139.55427778956917,132.4965775973186,138.89449032268433,231514900
2024-12-16,131.95675659179688,134.35596424649526,130.37727237183418,134.13603509853905,237951100
2024-12-17,130.3472900390625,131.54689392732612,126.81844751374322,129.04771280436398,259410300
2024-12-18,128.86778259277344,136.6552244722092,128.23798405143236,133.8161583001621,277444500
2024-12-19,130.63719177246094,133.98610066679845,129.5075722477592,131.71683987642237,209719200
2024-12-20,134.65586853027344,135.2356803497186,128.1779956829599,129.76747112979962,306528600
2024-12-23,139.62423706054688,139.7441928628519,135.07572475974197,136.23534836132282,176053500
2024-12-24,140.174072265625,141.85351466107915,138.60457919611483,139.9541431061549,105157000
2024-12-26,139.88417053222656,140.8038826879709,137.68489400548984,139.65425012018665,116205600
2024-12-27,136.96510314941406,138.9744543348593,134.66586894799497,138.5046071101684,170582600
2024-12-30,137.4449462890625,140.22403398735426,133.97608228188028,134.78581438230358,167734700
2024-12-31,134.2460174560547,138.02479365615312,133.7861766339878,137.98479821279548,155659200
2025-01-02,138.2646942138672,138.8345148325783,134.58590691715995,135.95545329338754,198247200
2025-01-03,144.4226837158203,144.85253555834646,139.68423069189672,139.96413776465596,229322500
2025-01-06,149.3810577392578,152.11017470884985,147.77159962141576,148.54133648113356,265377400
2025-01-07,140.09410095214844,153.07985197865167,139.96413864833562,152.97987862898157,351782200
2025-01-08,140.06410217285156,143.90284057175748,137.51493447299714,142.5332942493383,227349900
2025-01-10,135.86549377441406,139.87417502688794,134.17604480086774,137.40498271998055,207602500
2025-01-13,133.1863555908203,133.4462801889749,129.4675728747113,129.94742663109315,204808900
2025-01-14,131.71682739257812,136.33532416409136,130.00739616366573,136.00543044799826,195590500
2025-01-15,136.1953887939453,136.4053114797544,131.24699764678536,133.60622538989423,185217300
2025-01-16,133.52626037597656,138.70455649670012,133.44628474718112,138.59459191383036,209235600
2025-01-17,137.66490173339844,138.45463626831489,135.41563868932835,136.6452315490251,201188800
2025-01-21,140.78387451171875,141.78354697270905,137.0450940162502,139.1144233323199,197749000
2025-01-22,147.02183532714844,147.74158546149795,143.62293982675303,144.61262104889417,237651400
2025-01-23,147.17178344726562,147.18177468068177,143.67292977388993,145.0024960002277,155915500
2025-01-24,142.5732879638672,148.92121448023644,141.8335400716498,148.32140487495408,234657600
2025-01-27,118.38121032714844,128.3579371600633,116.66177248371496,124.75912547322825,818830900
2025-01-28,128.94775390625,128.95774513931468,116.21192149182427,121.77009783396647,579666400
2025-01-29,123.65947723388672,126.8484347440811,120.01067894543576,126.45856310434583,467120600
2025-01-30,124.60917663574219,124.9590604797062,118.06131881584726,123.05968123503551,392925500
2025-01-31,120.03067016601562,127.80812056780856,119.15096116009843,123.73945402173636,388161100
2025-02-03,116.62179565429688,118.53116613291392,112.9729895620065,114.71241754878405,371235700
2025-02-04,118.61112976074219,121.16028976109213,116.66176403787988,116.92168099297385,256550000
2025-02-05,124.78912353515625,124.95906603450811,120.7204566501485,121.72012917842457,262230800
2025-02-06,128.6378631591797,128.72784528628156,125.16900563533248,127.37828117148048,251483600
2025-02-07,129.79747009277344,130.32729528258605,124.95905898960582,129.17767804139822,228186300
2025-02-10,133.52626037597656,134.955784699492,129.91744211571256,130.04738916543755,216989100
2025-02-11,132.7565155029297,134.43595803743202,130.9770996135579,132.5365863252507,178902400
2025-02-12,131.0970458984375,132.19669170682792,129.03772306980744,129.97741762356085,160278600
2025-02-13,135.24566650390625,136.455276767875,131.12702127315083,131.51689288233604,197430000
2025-02-14,138.8045196533203,139.20438251414282,135.45561099221797,136.43528567888637,195479600
2025-02-18,139.35433959960938,143.3930250185803,137.8848198127303,141.22373753647113,219176600
2025-02-19,139.18438720703125,141.3136943495984,137.17505112782226,139.46429426521587,167536000
2025-02-20,140.06410217285156,140.61392504988532,136.74518244514988,139.98412654948388,143903600
2025-02-21,134.38595581054688,141.41366694156105,133.98609294492073,139.99411868487,228217600
2025-02-24,130.23733520507812,138.544611438826,130.03740375103862,136.51527743543022,251381100
2025-02-25,126.58851623535156,130.15734648197986,124.39923881429249,129.93741732851836,271428700
2025-02-26,131.23699951171875,133.68619399137987,128.44792005609298,129.9474287481865,322553800
2025-02-27,120.11064147949219,134.96576646206714,119.97068795236893,134.95577522934062,443175800
2025-02-28,124.87908172607422,125.04902421361967,116.36187573271177,117.98134023479652,389091100
2025-03-03,114.02263641357422,123.65947815441595,112.2432206852501,123.46954557652553,411381400
2025-03-04,115.9520034790039,119.27091565466138,110.07393231302608,110.61375634258967,398163300
2025-03-05,117.2615737915039,118.24124845757764,114.47248692259635,117.54148083895355,284337900
2025-03-06,110.53378295898438,115.31221606989396,110.18389912538346,113.49281250827367,321181900
2025-03-07,112.65309143066406,113.44283358559466,107.52476685365718,111.21356065439609,341755500
2025-03-10,106.94495391845703,111.81335349826479,105.42544763902806,109.86399541986671,366487400
2025-03-11,108.72437286376953,112.20322856084239,104.73567447790636,106.95494843650206,354865700
2025-03-12,115.71273803710938,116.7325020716217,112.85341103244578,114.09312447156262,323857500
2025-03-13,115.55277252197266,117.73225924433854,113.76319330991835,117.0024278677365,299033100
2025-03-14,121.6413345336914,121.85128414551467,118.12216714928688,118.5820578648422,277593500
2025-03-17,119.50183868408203,122.86104771124882,118.00219206936818,122.711081524258,255501500
2025-03-18,115.40280151367188,118.99195194008684,114.51301183473794,117.97219563901088,299686900
2025-03-19,117.4923095703125,120.4216195833343,115.65274672556286,117.24236846895431,273426200
2025-03-20,118.50206756591797,120.17167220516042,116.44255543913019,116.52253841801043,248829700
2025-03-21,117.6722640991211,117.9621966837067,115.39280254041711,116.91244866461768,266498500
2025-03-24,121.38140106201172,122.19120779583362,119.31188140429414,119.8517551027078,228452500
2025-03-25,120.66156768798828,121.26142480153007,118.89198043130345,120.5216012824151,167447200
2025-03-26,113.73320007324219,118.81199741904777,112.68344440410922,118.70203035263671,293463300
2025-03-27,111.40375518798828,114.42304053099558,110.6339399022949,111.32377219977147,236902100
2025-03-28,109.6441650390625,112.84341584506377,109.04430789656145,111.46373602695421,229872500
2025-03-31,108.35446166992188,110.9338556226425,103.6255803841977,105.10522740758995,299212700
2025-04-01,110.1240463256836,110.17402996737344,106.44491315753294,108.49442552913952,222614000
2025-04-02,110.39398193359375,111.95361956622256,106.76483994973236,107.26472214391917,220601200
2025-04-03,101.77601623535156,105.60510798745378,101.5760587841681,103.48561239808684,338769400
2025-04-04,94.28778076171875,100.10640942744341,92.08830207120735,98.88670323249266,532273800
2025-04-07,97.61699676513672,101.72602911656392,86.59959627985899,87.43939472630683,611041300
2025-04-08,96.27731323242188,105.82505852328022,94.43774279946976,103.78553826456235,476243400
2025-04-09,114.30306243896484,115.07287764897656,97.5070179445592,98.86669810018236,612918300
2025-04-10,107.5446548461914,110.83388059600858,99.12664053501021,109.34423379452805,437812400
2025-04-11,110.90386199951172,111.52371865557488,107.45467796999777,108.47443427245335,313417300
2025-04-14,110.68391418457031,114.2630725146749,109.04430120283689,114.08311462021162,264705000
2025-04-15,112.1735610961914,113.5932323217664,110.47396469045397,110.94385517244878,228966900
2025-04-16,104.46538543701172,106.76484672728219,100.4263361362673,104.52537649088836,397016900
2025-04-17,101.4660873413086,104.44538862475022,100.02643178468185,104.42538906519317,292517500
2025-04-21,96.88717651367188,99.41657935183265,95.01761424618036,98.74673137333838,288501100
2025-04-22,98.86670684814453,99.78648832080442,97.25708545719098,98.75673214732677,241004800
2025-04-23,102.68579864501953,104.77531016741209,101.99595878138034,104.4953697335839,247526000
2025-04-24,106.40492248535156,106.51489717654988,103.08570507328525,103.45562063709751,220815000
2025-04-25,110.98385620117188,111.8936379045766,105.70510100806126,106.82483233532861,251064700
2025-04-28,108.70439147949219,110.34400455936343,105.9950231207954,109.66416443154382,207708500
2025-04-29,108.99431610107422,110.17403844763395,107.41469407982767,107.64463563001284,170444300
2025-04-30,108.89433288574219,108.89433288574219,104.05547701680861,104.44538450923935,235044600
2025-05-01,111.58370208740234,114.91291927434723,111.27377757314032,113.05335693358144,236121500
2025-05-02,114.47303009033203,115.37281962529518,113.34329900218786,114.15310576985596,190194800
2025-05-05,113.7931900024414,114.64298826396649,112.63346720059009,112.88340831442672,133163200
2025-05-06,113.51325988769531,114.7129742117387,110.7938992837595,111.4537475013017,158525600
2025-05-07,117.03242492675781,117.65228163619798,112.25355204144066,113.02337494499027,206758800
2025-05-08,117.34235382080078,118.65204278244111,115.82270761670769,118.22214377270919,198428100
2025-05-09,116.62252044677734,118.20215005190205,115.18285724943865,117.32235248570746,132972200
2025-05-12,122.97103118896484,122.97103118896484,120.25167057965504,121.94127499373305,225023300
2025-05-13,129.89938354492188,131.18908818741485,124.44067836400953,124.95056035306071,330430100
2025-05-14,135.30810546875,135.40808800730593,131.6489642323906,133.16861033831793,281180800
2025-05-15,134.79823303222656,136.2678878895653,132.6287461607251,134.258351724734,226632600
2025-05-16,135.36810302734375,136.31789147723805,133.42857277146337,136.18791721457987,226542500
2025-05-19,135.53805541992188,135.83797251007488,132.35879696756518,132.35879696756518,193154600
2025-05-20,134.3483428955078,134.54829272140586,132.58874781513978,134.2583525069389,161514200
2025-05-21,131.76895141601562,137.36762292180558,130.55922977564506,133.02864907239967,270608700
2025-05-22,132.7987060546875,134.21836966107523,131.51900885300861,132.19884131725317,187344000
2025-05-23,131.25906372070312,132.64873565144939,129.12957588399638,129.96937433382988,198821300
2025-05-27,135.4680633544922,135.6280293045703,133.27857708527512,134.1183754403962,192953600
2025-05-28,134.7782440185547,137.2176717346689,134.75824445795843,135.9979578766118,304021100
2025-05-29,139.15721130371094,143.45620133736625,137.87751407348716,142.21648797143945,369241900
2025-05-30,135.09817504882812,139.58710766728817,132.88868890141003,138.6873257641086,333170900
2025-06-02,137.34764099121094,138.08745689917103,135.36809645457458,135.45808684638126,197663100
2025-06-03,141.1867218017578,141.9665367692297,137.91748812723765,138.74729436292043,225578800
2025-06-04,141.88656616210938,142.3564566649135,139.5071219355859,142.15650682982962,167120800
2025-06-05,139.95703125,143.96608121416313,138.79730082341692,142.13651043477643,231397900
2025-06-06,141.6865997314453,143.23623746842864,141.47664251332282,142.47640682683559,153986200
2025-06-09,142.59640502929688,144.96584183837217,141.9065651342004,143.15627066728982,185114500
2025-06-10,143.92608642578125,144.25599524562207,141.4966510569608,142.65638139553192,155881900
2025-06-11,142.80625915527344,144.96590375929992,141.84641202362192,144.5859620448177,167694000
2025-06-12,144.9759063720703,144.9759063720703,141.82643588786814,141.94641106631286,162365000
2025-06-13,141.94639587402344,143.556128789635,140.8265869783813,142.4563055840922,180820600
2025-06-16,144.66595458984375,146.1556971839991,143.1761967394354,143.32618096280035,183133700
2025-06-17,144.09603881835938,145.1958620737219,143.75609899624828,144.46598768948277,139108000
2025-06-18,145.455810546875,145.62578045463974,143.0962022725339,143.9860537050978,161494100
2025-06-20,143.8260955810547,146.17569581398777,142.6262828381709,145.42582047781178,242956200
2025-06-23,144.1460418701172,144.7559411184857,142.00639807778802,142.47632119978937,154308900
2025-06-24,147.8754119873047,147.9354148301798,145.4758169849003,145.53580457152245,187566100
2025-06-25,154.28436279296875,154.4243389252029,149.23519867353343,149.24520677628502,269146500
2025-06-26,154.99423217773438,156.69394650127538,153.97439748110884,155.95406403411533,198145700
2025-06-27,157.72377014160156,158.68361723049148,155.2341786737402,156.01404775885302,263234500
2025-06-30,157.96376037597656,158.6336472456001,155.93409881773164,158.37368067249696,194580300
2025-07-01,153.2745361328125,157.17388214393176,151.46483925954294,156.26402965591922,213143600
2025-07-02,157.22386169433594,157.57380961936815,152.94457434216997,152.9545671877056,171224100
2025-07-03,159.3135223388672,160.95324924613055,157.74379112425564,158.34368228178877,143716100
2025-07-07,158.21371459960938,159.28352889047815,157.31385497697042,158.17371270193448,140139000
2025-07-08,159.97340393066406,160.19336858156893,158.36367094336165,159.30351713245472,138133000
2025-07-09,162.85293579101562,164.39267314506114,161.13322041798892,161.1932080055649,183656400
2025-07-10,164.07273864746094,164.4726660794993,161.5831469026993,164.29270331195812,167704100
2025-07-11,164.89259338378906,167.862101078866,163.44283738179527,163.6927958392512,193633300
2025-07-14,164.04273986816406,165.4625020418882,161.99307751467913,165.3425116109199,136975800
2025-07-15,170.671630859375,172.37134531045626,169.17188012202328,171.1615549258278,230627400
2025-07-16,171.34152221679688,171.72146396229547,168.87193138356372,171.03157616389174,158831500
2025-07-17,172.97125244140625,174.13106334471073,170.80161486292053,171.99141956059896,160841100
2025-07-18,172.38134765625,174.22103817113316,171.23152964225835,173.61113894806013,146456400
2025-07-21,171.35153198242188,173.35119970444802,170.97159023323564,172.72129949000853,123126100
2025-07-22,167.00225830078125,171.36153479867312,164.55266825003173,171.31154005146294,193114300
2025-07-23,170.75161743164062,171.23153339032083,167.94208685699226,169.5018251648929,154082200
2025-07-24,173.7111358642578,173.80111724784433,171.27153886755505,172.41134882841166,128984600
2025-07-25,173.47117614746094,174.69097468726906,172.9312725713388,173.58115848322245,122316800
2025-07-28,176.7206268310547,176.97058528484683,173.94109004538618,173.99108478739527,140023500
2025-07-29,175.4808349609375,179.35020236643535,174.99092613442062,177.93044011853775,154077500
2025-07-30,179.24021911621094,179.86011122312902,176.01074478620916,176.48066791766442,174312200
2025-07-31,177.84043884277344,183.26954448460754,175.9007587673991,182.86960179799485,221685400
2025-08-01,173.69113159179688,176.51065501732398,170.86160006411595,174.06106522140865,204529000
2025-08-04,179.9700927734375,180.17005649193501,174.49100755408614,175.1309006070304,148174600
2025-08-05,178.23037719726562,180.23004490386853,175.87076869322405,179.59015184800575,156407600
2025-08-06,179.3901824951172,179.87009845787975,176.22071111043454,176.30069964693718,137192300
2025-08-07,180.73997497558594,183.84945895635624,178.7703010091291,181.53984513179375,151878400
2025-08-08,182.6696319580078,183.26953833968557,180.3700111699138,181.51982919208731,123396700
2025-08-11,182.0297393798828,183.80944232526838,180.2200426409657,182.01974653412333,138323200
2025-08-12,183.1295623779297,184.44933506001817,179.4301803710301,182.9295986692803,145485700
2025-08-13,181.55982971191406,183.93943921657484,179.3202115957667,182.58965738273272,179871700
2025-08-14,181.98974609375,182.98957985829236,179.43017409752198,179.72011917648817,129554000
2025-08-15,180.42001342773438,181.86976944489334,178.01041021115256,181.84978375259033,156602200
2025-08-18,181.979736328125,182.90958965389834,180.55997422620712,180.56998232776263,132008000
2025-08-19,175.61080932617188,182.46966985536903,175.46084035755914,182.39967416584764,185229200
2025-08-20,175.370849609375,175.9707560164781,168.77195541250927,175.1408920976954,215142700
2025-08-21,174.95091247558594,176.87059152353538,173.78110877087863,174.8209444570093,140040900
2025-08-22,177.96043395996094,178.56032512128596,171.17155351749952,172.58132291943235,172789400
2025-08-25,179.78012084960938,181.87977802218637,176.54066896263805,178.3203719824875,163012800
2025-08-26,181.7397918701172,182.35968393651802,178.7802771456414,180.03006938032237,168688200
2025-08-27,181.56982421875,182.45967569067753,179.07023971825097,181.94975068857377,235518900
2025-08-28,180.1400604248047,184.43934897141472,176.3806906932069,180.7899615720414,281787800
2025-08-29,174.1510467529297,178.12038822306508,173.12121914292007,178.08040158317536,243257900
2025-09-02,170.75161743164062,172.351357635579,167.19221149694363,169.9717482776903,231164900
2025-09-03,170.59165954589844,172.38137081666613,168.851958278929,171.03158891427162,164424900
2025-09-04,171.63148498535156,171.83144870716828,169.381858788342,170.54166973363456,141670100
2025-09-05,166.9922637939453,169.0019244592772,164.04275681292185,168.00209055003162,224441400
2025-09-08,168.2820281982422,170.93159698121408,167.32219627229085,167.5221599855096,163769100
2025-09-09,170.7316131591797,170.95157781434446,166.71229229208453,169.0618925540675,157548400
2025-09-10,177.300537109375,179.26020289704138,175.44084555219968,176.61064931709572,226852000
2025-09-11,177.1505584716797,180.26021784214308,176.4606317396978,179.66027757334626,151159300
2025-09-12,177.80047607421875,178.5803891806412,176.43061617633268,177.75047851465564,124911000
2025-09-15,177.73049926757812,178.83038469078608,174.49084923140515,175.650725630949,147061600
2025-09-16,174.86080932617188,177.4805168617991,174.36086420825131,176.98057174387853,140737800
2025-09-17,170.27130126953125,173.18098551277336,168.39151800406466,172.62104942275718,211843800
2025-09-18,176.2206573486328,177.08056354559588,172.94101865721873,173.96089569350613,191763300
2025-09-19,176.6505889892578,178.06043774665943,175.16074718989944,175.7506939671915,237182100
2025-09-22,183.58984375,184.52974299714734,174.69082690233378,175.28075846993005,269637000
2025-09-23,178.410400390625,182.3999677661597,176.19065819152993,181.95002022927713,192559600
2025-09-24,176.9505615234375,179.76025041106172,175.38072666046574,179.75025700209653,143564100
2025-09-25,177.67050170898438,180.2402117285651,173.11100459099512,174.4608472798892,191586700
2025-09-26,178.17044067382812,179.750269051669,174.91078879333958,178.15043859744398,148573700
2025-09-29,181.83004760742188,183.97980553666213,180.30021674934378,180.41019002973698,193063500
2025-09-30,186.55950927734375,187.32942897828707,181.4600633204032,182.06000352373024,236981000
2025-10-01,187.21945190429688,188.11934700723293,183.87980694521147,185.21967144700423,173844900
2025-10-02,188.8692626953125,191.0290292282152,188.03935198339767,189.57919146332628,136805800
2025-10-03,187.5994110107422,190.33911589327732,185.35966652947783,189.16924608680657,137596900
2025-10-06,185.51962280273438,187.20943969833962,183.3098739831843,185.4796339074747,157678100
2025-10-07,185.01968383789062,189.03924688644503,183.97980469837793,186.20955566811082,140088000
2025-10-08,189.0892333984375,189.57918508139647,186.51950830089396,186.5495190429729,130168900
2025-10-09,192.54885864257812,195.27855455286462,191.039014711271,192.20888438710807,182997200
2025-10-10,183.139892578125,195.59851591827854,182.03001384654092,193.4887469873255,268774400
2025-10-13,188.29933166503906,190.08912842775598,185.93959015922437,187.9493639887039,153482800
2025-10-14,180.01022338867188,184.77970370013514,179.6802578066599,184.74970821605342,205641400
2025-10-15,179.8102569580078,184.84969686580231,177.2705272995106,184.77971248532194,214450500
2025-10-16,181.7900390625,183.2598789113643,179.75026972003684,182.20999112544493,179723300
2025-10-17,183.19989013671875,184.07979842608083,179.7302697995737,180.1602152773484,173135200
2025-10-20,182.6199493408203,185.1796658652692,181.7100455780644,183.10990104163824,128544700
2025-10-21,181.14010620117188,182.76991679751694,179.7802549646251,182.76991679751694,124240200
2025-10-22,180.2602081298828,183.4198648953589,176.74059027394597,181.12011433169937,162249600
2025-10-23,182.13999938964844,183.0098989665471,179.7702492811968,180.4001849787377,111363700
2025-10-24,186.23953247070312,187.44940625639555,183.47984116964938,183.81980015643103,131296700
2025-10-27,191.46897888183594,191.97891738858848,188.4093020699799,189.9691435897376,153452700
2025-10-28,201.0079345703125,203.12769700573313,191.8889404255143,193.0288146936141,297986200
2025-10-29,207.01727294921875,212.1667169482571,204.7575264516481,207.95717223581016,308829600
2025-10-30,202.8677215576172,206.13736677538768,201.38788833732997,205.12746791137428,178864400
2025-10-31,202.4677734375,207.94716749796044,202.04782138155986,206.42733011185774,179802200
2025-11-03,206.85728454589844,211.31678618801203,205.53742218982754,208.05714970598171,180267300
2025-11-04,198.66818237304688,203.9476013046771,197.90825607143535,202.9777066091775,188919300
2025-11-05,195.18858337402344,202.89772869539195,194.6286320152979,198.7481902403631,171350300
2025-11-06,188.05935668945312,197.59830279082226,186.35954634625867,196.39843756369172,223029800
2025-11-07,188.1293487548828,188.29934352754728,178.8903723972709,184.87970536775757,264942300
2025-11-10,199.0281524658203,199.91805415635875,193.76872011438098,195.08858253564551,198897100
2025-11-11,193.1387939453125,195.3985402959953,191.2789975702345,195.13857433756354,176483300
2025-11-12,193.7787322998047,195.86849924763862,191.1090271797132,195.69851973704638,154935300
2025-11-13,186.8394775390625,191.4189763426968,183.82981362374773,191.02901978717685,207423100
2025-11-14,190.14910888671875,190.98901295495202,180.56016596493993,182.8399142970662,186591900
2025-11-17,186.5795135498047,188.9792438771453,184.29976516169708,185.9495778546046,173628900
2025-11-18,181.340087890625,184.7797126313021,179.6302689297591,183.3598703733926,213598900
2025-11-19,186.49952697753906,187.8393762025218,182.8099296469334,184.76970592228736,247246400
2025-11-20,180.6201629638672,195.97847686300787,179.83025642841662,195.92847930218133,343504800
2025-11-21,178.86036682128906,184.5397359279593,172.91100782704066,181.22010834266524,346926200
2025-11-24,182.52996826171875,183.4798609481747,176.4606271183833,179.47030653663683,256618300
2025-11-25,177.80047607421875,178.14043506786686,169.53138015579162,174.89079203873564,320600300
2025-11-26,180.24020385742188,182.8899220695924,178.22043661727494,181.6100638206842,183852000
2025-11-28,176.98056030273438,179.2703020816569,176.48061521713345,178.99033405428943,121332800
2025-12-01,179.90025329589844,180.2802164760195,173.66093259662904,174.7408159055669,188131000
2025-12-02,181.44007873535156,185.63961443898967,179.98023235974816,181.7400335835938,182632200
2025-12-03,179.57028198242188,182.4299686383783,179.09033894604931,181.06012391136443,165138000
2025-12-04,183.37008666992188,184.51002440204854,179.95027347354184,181.61017209543593,167364900
2025-12-05,182.40013122558594,184.6500094505641,180.9002124089338,183.88004685245298,143971100
2025-12-08,185.5399627685547,187.98982714518382,182.39012406320575,182.6301165694494,204378100
2025-12-09,184.95999145507812,185.70995086836587,183.31008684903045,185.54995586495326,144719700
2025-12-10,183.77005004882812,185.46995496958337,182.03013874897007,184.9599880707457,162785400
2025-12-11,180.92019653320312,181.31019006496976,176.61043233199788,180.27023782951787,182136600
2025-12-12,175.01052856445312,182.81010931847595,174.61054106596097,181.10019518559332,204274900
2025-12-15,176.28045654296875,178.4103461991077,175.02053019793698,177.93037643785232,164775600
2025-12-16,177.71038818359375,178.48035080582065,174.8905333961456,176.25046044282257,148588100
2025-12-17,170.93075561523438,176.12047730871902,170.30078481189744,176.0904801521757,222775500
2025-12-18,174.1305694580078,176.14045512074784,171.8107030234881,174.52054772862792,176096000
2025-12-19,180.98020935058594,181.4401759084778,176.3304518785618,176.6604358481607,324925900
2025-12-22,183.6800537109375,184.15002947616998,182.34012994783166,183.91003698180788,129064400
2025-12-23,189.19976806640625,189.31975669034466,182.89009670029142,182.96010023623109,174873600
2025-12-24,188.59979248046875,188.899779295176,186.57989753660073,187.92983057380172,65528500
2025-12-26,190.51968383789062,192.67957056140054,187.98982202804387,189.9097162518428,139740300
2025-12-29,188.20980834960938,188.749772392931,185.8999358866866,187.6998414610299,120006100
2025-12-30,187.52984619140625,188.9797799436452,186.91987858592935,188.22982052336855,97687300
2025-12-31,186.4899139404297,190.54969193131708,186.47991997410415,189.55975523635485,120100500
2026-01-02,188.83978271484375,192.91954841717475,188.24980305842183,189.82971935613102,148240500
2026-01-05,188.1098175048828,193.61952916959007,186.13992286460274,191.74961996436147,183529700
2026-01-06,187.22987365722656,192.15959956375178,186.80989821500853,190.50969495089785,176862600
2026-01-07,189.09976196289062,191.35963411085106,186.54989697142676,188.55979791265688,153543200
2026-01-08,185.0299835205078,189.53974931649188,183.70006889406122,189.09977067708235,172457000
2026-01-09,184.84999084472656,186.32990643372668,183.66005283935564,185.06998015284367,131327500
2026-01-12,184.92999267578125,187.10986736077922,183.010098425574,183.2100845491025,137968500
2026-01-13,185.79994201660156,188.0998205983224,183.3900687774691,184.9899882929175,160128900
2026-01-14,183.1300811767578,184.45001701406107,180.79021156477043,184.3100252062831,159586100
2026-01-15,187.03988647460938,189.6897370464893,186.31992419508657,186.48991316970114,206188600
2026-01-16,186.21990966796875,190.4296883714215,186.06992389502736,189.06976141755646,187967200
2026-01-20,178.06036376953125,182.37012791600927,177.60038196777572,181.89014292514364,223345300
2026-01-21,183.31008911132812,185.3699752173061,178.3903418724365,179.04031586008543,200381000
2026-01-22,184.82998657226562,186.15991637882954,183.92003219020145,184.7399951080077,139636600
2026-01-23,187.6598358154297,189.58973923983262,186.80989099781206,187.48984685190618,142748100
2026-01-26,186.4599151611328,189.1097657209082,185.97994539629804,187.1498802806874,124799600
2026-01-27,188.50979614257812,189.9897117301412,185.6899415183402,187.22986667366473,143711600
2026-01-28,191.5096435546875,192.33960048487265,189.82972650403363,191.25965707901594,148552700
2026-01-29,192.49957275390625,193.46952146246272,186.04992498376654,191.32963792417547,171764400
2026-01-30,191.11965942382812,194.47947816452233,189.45974561417185,191.19965692455457,179489500
2026-02-02,185.59996032714844,190.2897090701948,184.87000408758857,187.1898706566695,165794100
2026-02-03,180.33023071289062,186.25991753048794,176.22045266395375,186.22992037566058,204019600
2026-02-04,174.18057250976562,179.57028010697434,171.90069716024271,179.45029148582987,207014100
2026-02-05,171.87069702148438,176.81043194569037,171.020736948564,174.92051964769362,206312900
2026-02-06,185.39996337890625,186.98987361565233,174.59055120100808,176.6804343618602,231346200
2026-02-09,190.0297088623047,193.64952333361757,183.9400420976916,184.25002288009932,196387400
2026-02-10,188.52978515625,192.46957427391544,188.10980972728564,191.36964298604585,136764800
2026-02-11,190.0397186279297,193.24953637655122,188.75978911487715,192.43958265041238,144192700
2026-02-12,186.9298858642578,193.5995230748733,186.49990120030046,193.01955263160718,189932500
2026-02-13,182.80010986328125,187.4898586352177,181.58017462912434,187.4698554447334,161888000
2026-02-17,184.95999145507812,187.13986615921206,179.17029624003743,181.74016448672575,162276900
2026-02-18,187.96981811523438,190.3596881055438,186.7498829478333,188.73978069812654,164749100
2026-02-19,187.88983154296875,188.41980165789556,185.64996245587088,187.04988063530703,126554500
2026-02-20,189.8097381591797,190.31970507557438,185.92994318264132,186.5599139825128,178422300
2026-02-23,191.53964233398438,193.93950641757905,189.56974766836524,191.3896412925324,171584800
2026-02-24,192.83956909179688,193.75951747058733,187.38985183856119,191.47964208446245,175123600
2026-02-25,195.54940795898438,197.61930319203404,193.77949953248776,194.43946745531196,250637100
2026-02-26,184.87998962402344,194.27947461393586,184.31002841741252,194.25948668244985,360807900
2026-02-27,177.180419921875,182.5801217841234,176.3704661683341,181.2401979138715,311636500
2026-03-02,182.47012329101562,183.45008125730604,174.63055110847353,175.00052620838028,209095300
2026-03-03,180.04025268554688,180.8901975001603,176.91041730394699,178.4803396065267,178099400
2026-03-04,183.03009033203125,184.69000418349444,180.0502558302461,180.4302401537762,177731200
2026-03-05,183.330078125,184.05004039552568,177.87038204113773,181.1601973472636,198779700
2026-03-06,177.8103790283203,182.7500987288974,176.81043317462274,179.83025866705609,189021900
2026-03-09,182.64010620117188,182.90010189125664,175.55049367782217,176.82042919903367,177213600
2026-03-10,184.760009765625,186.42991760168223,182.00014929336922,182.39012758732315,179118500
2026-03-11,186.02999877929688,187.6199951171875,184.4499969482422,185.91000366210938,145280400
2026-03-12,183.13999938964844,184.94000244140625,181.75,184.0500030517578,155762700
2026-03-13,180.25,186.08999633789062,179.94000244140625,184.9199981689453,160988400
2026-03-16,183.22000122070312,188.8800048828125,181.41000366210938,182.97000122070312,217307400
2026-03-17,181.92999267578125,185.39999389648438,181.67999267578125,185.05999755859375,182497800
2026-03-18,180.39999389648438,183.3800048828125,180.3300018310547,182.47999572753906,156683100
2026-03-19,178.55999755859375,179.97999572753906,175.7899932861328,178.00999450683594,170968500
2026-03-20,172.6999969482422,178.25999450683594,171.72000122070312,178.0,241323500
2026-03-23,175.63999938964844,178.3699951171875,174.75999450683594,177.25999450683594,182836300
2026-03-24,175.1999969482422,176.22000122070312,173.97999572753906,174.8300018310547,147667800
2026-03-25,178.67999267578125,181.22000122070312,176.85000610351562,177.10000610351562,162602100
2026-03-26,171.24000549316406,176.50999450683594,171.13999938964844,176.07000732421875,186152200
2026-03-27,167.52000427246094,170.97000122070312,167.00999450683594,170.0,196212700
2026-03-30,165.1699981689453,169.4499969482422,164.27000427246094,168.77999877929688,185627000
2026-03-31,174.39999389648438,174.6199951171875,166.9600067138672,166.97000122070312,226181300
2026-04-01,175.75,177.3699951171875,174.75,176.0,168132000
2026-04-02,177.38999938964844,177.49000549316406,171.3699951171875,172.17999267578125,143143200
2026-04-06,177.63999938964844,177.7899932861328,175.75999450683594,177.16000366210938,107564300
2026-04-07,178.10000610351562,178.22999572753906,173.66000366210938,175.72999572753906,132534900
2026-04-08,182.0800018310547,185.25999450683594,180.3000030517578,184.5,147732700
2026-04-09,183.91000366210938,184.0800018310547,180.6199951171875,181.83999633789062,116428500
2026-04-10,188.6300048828125,190.0,184.3000030517578,184.30999755859375,160459500
2026-04-13,189.30999755859375,189.66000366210938,185.74000549316406,186.02999877929688,133648200
2026-04-14,196.50999450683594,196.50999450683594,190.77000427246094,190.83999633789062,161307000
2026-04-15,198.8699951171875,200.39999389648438,195.74000549316406,196.5399932861328,185338400
2026-04-16,198.35000610351562,199.85000610351562,195.80999755859375,197.42999267578125,133800000
2026-04-17,200.64500427246094,201.67999267578125,199.27000427246094,199.8800048828125,57192535
